Id,Label,Layer,label_text,label_x,label_y,font_size
L1::电子信息,电子信息,一级学科,电子信息,835.4274544354316,748.067248540537,12
L1::临床医学,临床医学,一级学科,临床医学,924.5432723918356,235.83990230782578,12
L1::机械,机械,一级学科,机械,1072.4346325906888,486.90028689901175,12
L1::能源动力,能源动力,一级学科,能源动力,582.2123535505137,602.5662998853704,12
L1::材料与化工,材料与化工,一级学科,材料与化工,699.9035570994491,568.7171368461944,12
L1::农业,农业,一级学科,农业,927.3724851481184,428.3217910785942,12
L1::土木水利,土木水利,一级学科,土木水利,803.2804786367212,208.15585621917103,12
L1::药学,药学,一级学科,药学,771.7196731236997,420.1476970811541,12
L1::法律,法律,一级学科,法律,764.5930910026776,202.033823489835,12
L1::生物与医药,生物与医药,一级学科,生物与医药,961.7781789146898,339.90350125469723,12
L1::金融,金融,一级学科,金融,554.8847632555778,470.27930230088066,12
L1::教育,教育,一级学科,教育,1124.3756518164946,354.07584782353246,12
L1::工商管理,工商管理,一级学科,工商管理,995.6637064417197,732.5098572382183,12
L1::资源与环境,资源与环境,一级学科,资源与环境,888.8537239070832,598.4176696211107,12
L1::公共卫生,公共卫生,一级学科,公共卫生,673.5305261455327,218.88338712882032,12
L1::口腔医学,口腔医学,一级学科,口腔医学,534.2029017048864,662.9284433983153,12
L1::建筑,建筑,一级学科,建筑,976.6752665157985,526.4556086537234,12
L1::应用心理,应用心理,一级学科,应用心理,955.4061330117961,760.5509873118536,12
L1::会计,会计,一级学科,会计,932.7984669322315,828.1363731609496,12
L1::戏剧与影视,戏剧与影视,一级学科,戏剧与影视,1113.8567469965399,394.09595826081477,12
L1::兽医,兽医,一级学科,兽医,795.1901242147438,574.004700109902,12
L1::护理,护理,一级学科,护理,487.00061514968564,288.3166175338325,12
L1::新闻与传播,新闻与传播,一级学科,新闻与传播,1260.6070269234594,329.5117376887274,12
L1::交通运输,交通运输,一级学科,交通运输,804.339751416634,524.2255210319275,12
L1::博物馆,博物馆,一级学科,博物馆,794.5124421272001,399.9931292170475,12
L1::城乡规划,城乡规划,一级学科,城乡规划,843.0886426921796,379.49074701463155,12
L1::国际商务,国际商务,一级学科,国际商务,796.5428100961226,818.2966428424365,12
L1::风景园林,风景园林,一级学科,风景园林,467.49501871928635,310.00159151696886,12
L1::税务,税务,一级学科,税务,1298.0457285870148,538.3964730733916,12
L1::社会工作,社会工作,一级学科,社会工作,1066.3737541795408,794.2566770947794,12
L1::数字经济,数字经济,一级学科,数字经济,458.8780036459603,347.194688976088,12
L1::美术与书法,美术与书法,一级学科,美术与书法,876.6649019804288,357.50510946546905,12
L1::工程管理,工程管理,一级学科,工程管理,949.6158989757382,898.1565605705129,12
L1::国际中文教育,国际中文教育,一级学科,国际中文教育,1261.8000990400976,164.23699567701593,12
P::临床医学专项,临床医学专项,培养项目,临床医学专项,901.78166565267,260.6907839917881,10
P::智慧土木水利,智慧土木水利,培养项目,智慧土木水利,1033.3293967959605,650.0527194578186,10
P::应用复合型法律硕士,应用复合型法律硕士,培养项目,应用复合型法律硕<br>士,708.4494163691234,188.73459350562896,10
P::绿色化工与生物医药先进制造,绿色化工与生物医药先进制造,培养项目,绿色化工与生物医<br>药先进制造,579.9149691908899,285.6312804811827,10
P::口腔医学专项,口腔医学专项,培养项目,口腔医学专项,529.5895850783743,589.6671619992635,10
P::中小学学科教学与教育管理,中小学学科教学与教育管理,培养项目,中小学学科教学与<br>教育管理,1045.5065764085596,288.6263464247833,10
P::先进制造,先进制造,培养项目,先进制造,1008.7210303773962,264.9842029172793,10
P::公共卫生专硕,公共卫生专硕,培养项目,公共卫生专硕,589.3723898257517,264.69322087590217,10
P::高端集成电路芯片设计与制造,高端集成电路芯片设计与制造,培养项目,高端集成电路芯片<br>设计与制造,734.7089224464007,749.8394499258487,10
P::空天会聚工程,空天会聚工程,培养项目,空天会聚工程,1108.1778203424785,525.7353167534202,10
P::区块链技术与平台,区块链技术与平台,培养项目,区块链技术与平台,826.6000567583329,774.2126427220899,10
P::数据科学与工程,数据科学与工程,培养项目,数据科学与工程,621.2047500081152,414.71948947484077,10
P::智慧农业,智慧农业,培养项目,智慧农业,706.4589544689328,283.28523418452346,10
P::面向工业智能的机器学习关键技术与平台,面向工业智能的机器学习关键技术与平台,培养项目,面向工业智能的机<br>器学习关键技术…,624.5220710590946,704.9088711952311,10
P::MBA专硕,MBA专硕,培养项目,MBA专硕,1053.783018911428,675.605348569184,10
P::MPAcc专硕,MPAcc专硕,培养项目,MPAcc专硕,894.0589285520798,804.9632077028872,10
P::iMF专硕,iMF专硕,培养项目,iMF专硕,555.2094440715362,415.32782219381244,10
P::智能农业工程与食品先进制造,智能农业工程与食品先进制造,培养项目,智能农业工程与食<br>品先进制造,884.3486286400246,203.1105877016317,10
P::生态环境协同治理,生态环境协同治理,培养项目,生态环境协同治理,553.4473325606685,359.60596987629924,10
P::国际化智能产品设计与创新创业,国际化智能产品设计与创新创业,培养项目,国际化智能产品设<br>计与创新创业,1091.4351800535578,440.71223755835535,10
P::全球制造与供应链管理,全球制造与供应链管理,培养项目,全球制造与供应链<br>管理,1023.5788349508416,628.2697422025791,10
P::新一代光电融合成像技术与系统,新一代光电融合成像技术与系统,培养项目,新一代光电融合成<br>像技术与系统,596.978181388829,322.3260640788612,10
P::转化药学,转化药学,培养项目,转化药学,613.7451539832847,646.8724256818512,10
P::数字孪生技术与应用,数字孪生技术与应用,培养项目,数字孪生技术与应<br>用,866.6394566781044,170.32450404352784,10
P::数据治理与智能分析技术研究,数据治理与智能分析技术研究,培养项目,数据治理与智能分<br>析技术研究,1006.1462370763788,707.6683776812154,10
P::金融基础软件,金融基础软件,培养项目,金融基础软件,884.3214012143909,679.7500698726645,10
P::智慧建筑与低碳城市,智慧建筑与低碳城市,培养项目,智慧建筑与低碳城<br>市,1110.973139234715,327.17529308689546,10
P::农作物现代生物育种,农作物现代生物育种,培养项目,农作物现代生物育<br>种,715.9348566041906,788.0835761714849,10
P::工业母机与智能制造,工业母机与智能制造,培养项目,工业母机与智能制<br>造,1125.9669549732453,490.1388392282119,10
P::农业生物安全,农业生物安全,培养项目,农业生物安全,1059.1815812105706,602.4008128443444,10
P::智慧能源,智慧能源,培养项目,智慧能源,1044.8202326171847,579.877256607827,10
P::数字金融,数字金融,培养项目,数字金融,532.5142020753598,562.0347360132412,10
P::心理健康,心理健康,培养项目,心理健康,905.8738764374306,782.7693697163032,10
