Id,Label,Layer,People,Degree,WeightedDegree,x_opt,y_opt,marker_size_opt
P::临床医学专项,临床医学专项,培养项目,1286,1,1286,549.4137564137469,478.2271154466255,35.0
P::智慧土木水利,智慧土木水利,培养项目,327,1,327,1072.1319606784261,585.8942339877638,33.96586314638763
P::应用复合型法律硕士,应用复合型法律硕士,培养项目,302,1,302,865.029540154867,322.6058728556156,32.93405801644682
P::绿色化工与生物医药先进制造,绿色化工与生物医药先进制造,培养项目,242,2,242,970.9738749149817,844.9484499627945,30.267737160850558
P::口腔医学专项,口腔医学专项,培养项目,219,1,219,1074.1269181741386,727.8406184378769,29.158792646825585
P::中小学学科教学与教育管理,中小学学科教学与教育管理,培养项目,195,1,195,795.0618779686866,905.6221277715405,27.937581026501725
P::先进制造,先进制造,培养项目,190,1,190,1080.2431234998228,686.839599043827,27.673859254861373
P::公共卫生专硕,公共卫生专硕,培养项目,182,1,182,820.8717282333987,316.13746726347546,27.24457909572064
P::高端集成电路芯片设计与制造,高端集成电路芯片设计与制造,培养项目,175,1,175,640.4971739150214,369.0902048281683,26.86115271091456
P::空天会聚工程,空天会聚工程,培养项目,161,2,161,944.8452904659454,811.7624443604647,26.07056529973511
P::区块链技术与平台,区块链技术与平台,培养项目,154,1,154,1025.7914199286404,399.19479880528337,25.66237116072435
P::数据科学与工程,数据科学与工程,培养项目,152,1,152,582.2968773592008,508.6559462138372,25.544048264953314
P::智慧农业,智慧农业,培养项目,149,1,149,666.9492121069603,447.5345697683316,25.365094603725005
P::面向工业智能的机器学习关键技术与平台,面向工业智能的机器学习关键技术与平台,培养项目,147,1,147,837.6295904381366,351.5783902288583,25.244789567873084
P::MBA专硕,MBA专硕,培养项目,141,1,141,939.7257002666664,873.0928734638711,24.87887831916251
P::MPAcc专硕,MPAcc专硕,培养项目,140,1,140,570.1633414127017,369.0211287708679,24.817141433743714
P::iMF专硕,iMF专硕,培养项目,138,1,138,535.6357427878792,587.7819817116682,24.693002618633443
P::智能农业工程与食品先进制造,智能农业工程与食品先进制造,培养项目,133,2,133,863.9762178608383,880.0405758505542,24.378661619467024
P::生态环境协同治理,生态环境协同治理,培养项目,132,1,132,691.2731358715353,873.9675458583889,24.31508828012793
P::新型计算架构与智能系统,新型计算架构与智能系统,培养项目,121,1,121,680.9039897496045,329.83819715511186,23.599221338710382
P::国际化智能产品设计与创新创业,国际化智能产品设计与创新创业,培养项目,120,1,120,614.5926255895716,756.9362800787537,23.53255760996399
P::全球制造与供应链管理,全球制造与供应链管理,培养项目,116,1,116,889.6516626264403,939.4101042765998,23.26308366827127
P::新一代光电融合成像技术与系统,新一代光电融合成像技术与系统,培养项目,116,1,116,545.3056120786271,520.286473038375,23.26308366827127
P::转化药学,转化药学,培养项目,115,1,115,792.5872748090304,867.3871482183669,23.194992275784877
P::数字孪生技术与应用,数字孪生技术与应用,培养项目,114,1,114,1018.2424847969835,713.6740932392336,23.126604184562098
P::数据治理与智能分析技术研究,数据治理与智能分析技术研究,培养项目,113,1,113,968.4889905924545,639.4816292126955,23.05791548199823
P::金融基础软件,金融基础软件,培养项目,113,1,113,731.1674934543821,821.7446664119816,23.05791548199823
P::智慧建筑与低碳城市,智慧建筑与低碳城市,培养项目,110,1,110,979.6563404353686,802.2852137866342,22.85000526244469
P::农作物现代生物育种,农作物现代生物育种,培养项目,107,1,107,615.8646451672993,832.5934510744124,22.639240039353343
P::工业母机与智能制造,工业母机与智能制造,培养项目,107,1,107,1000.3765973812078,495.42125637381827,22.639240039353343
P::农业生物安全,农业生物安全,培养项目,101,1,101,534.7896207833451,736.2559211718865,22.208652004630427
P::智慧能源,智慧能源,培养项目,101,6,101,546.6869323716403,672.658886240313,22.208652004630427
P::数字金融,数字金融,培养项目,98,1,98,520.3378634509695,545.9821535273849,21.988560011450357
P::心理健康,心理健康,培养项目,96,1,96,1095.4944104664469,620.0849755866983,21.839955467624417
P::产品服务操作系统关键技术与平台,产品服务操作系统关键技术与平台,培养项目,95,1,95,580.7040519103299,448.9292077093475,21.765072681815468
P::氢能、储能与动力过程节能,氢能、储能与动力过程节能,培养项目,95,1,95,845.0356603290818,435.7372448493565,21.765072681815468
P::流程工业智能自动化,流程工业智能自动化,培养项目,95,1,95,718.0940593951648,324.1263851006441,21.765072681815468
P::数字经济信息融合与泛在智能,数字经济信息融合与泛在智能,培养项目,94,1,94,556.4186819341318,706.0533587673598,21.689794727955174
P::产业需求导向的集成系统及其应用,产业需求导向的集成系统及其应用,培养项目,93,1,93,966.0904351261271,411.9162160405591,21.614115283131675
P::护理专项,护理专项,培养项目,93,1,93,1098.2843145316442,759.694991819505,21.614115283131675
P::平衡建筑理论与工程实践,平衡建筑理论与工程实践,培养项目,91,3,91,1081.8138201262109,545.8929014759227,21.461525770258213
P::图形基础软件,图形基础软件,培养项目,90,1,90,783.8884034320923,314.0408564735738,21.38460217786634
P::高端化学品先进制造,高端化学品先进制造,培养项目,90,2,90,1011.2186917644809,747.2493303415469,21.38460217786634
P::数据安全与智能安全,数据安全与智能安全,培养项目,89,1,89,676.597748327275,365.7117133051022,21.307250031836073
P::国际传播,国际传播,培养项目,88,1,88,1140.203243936423,624.836793972766,21.229462088722336
P::可再生能源高效利用,可再生能源高效利用,培养项目,87,1,87,570.5564389241667,585.6922540707872,21.15123089870252
P::工业软件关键技术与系统,工业软件关键技术与系统,培养项目,87,1,87,715.5957743586218,568.0982480512322,21.15123089870252
P::大尺寸半导体单晶材料与芯片,大尺寸半导体单晶材料与芯片,培养项目,78,2,78,748.7322600423131,605.4177427772785,20.425861181597508
P::农业资源高效利用与保护,农业资源高效利用与保护,培养项目,77,1,77,586.4551739033484,811.8893355367879,20.342735810175178
P::广播电视,广播电视,培养项目,74,1,74,605.5310706817089,425.98837210616813,20.090067136518194
P::特种智能机器人,特种智能机器人,培养项目,73,1,73,997.9122065720005,526.2004407406162,20.00470976496704
P::人工智能药学,人工智能药学,培养项目,72,3,72,788.6737757511355,835.3819537577788,19.918765724100304
P::智能信息感知与控制,智能信息感知与控制,培养项目,71,1,71,986.8441572145446,663.5903278797066,19.832222748317317
P::集成电路专项,集成电路专项,培养项目,70,3,70,935.7062104710968,680.262741905487,19.745068138566715
P::AI+X科学计算平台,AI+X科学计算平台,培养项目,69,1,69,851.869200664441,380.6382073683624,19.657288740593778
P::临床药学,临床药学,培养项目,69,1,69,945.2228456915456,620.5327669728335,19.657288740593778
P::高端装备电机系统及智能控制,高端装备电机系统及智能控制,培养项目,69,1,69,856.480805402286,767.4909552140166,19.657288740593778
P::光电与纳米新材料及其高性能器件,光电与纳米新材料及其高性能器件,培养项目,68,1,68,886.4237685711602,817.447851180929,19.568870921763757
P::云计算与边缘计算平台软件,云计算与边缘计算平台软件,培养项目,67,1,67,552.6761274466945,557.5454646756124,19.479800546345558
P::智能化软件工程,智能化软件工程,培养项目,66,1,66,1034.1204584862742,576.9184866698319,19.390062949128904
P::数智动保与动物诊疗,数智动保与动物诊疗,培养项目,64,1,64,763.7761535444164,885.1547385851129,19.20852460997119
P::科技教育,科技教育,培养项目,64,1,64,788.5346328125621,942.2837162338992,19.20852460997119
P::新型城镇化规划设计与建设,新型城镇化规划设计与建设,培养项目,63,1,63,1057.961516376248,661.3510244362203,19.116691626548736
P::绿色养殖,绿色养殖,培养项目,62,1,62,878.8601695809995,579.8454395329242,19.024126871496776
P::高端装备、智能制造与创新设计,高端装备、智能制造与创新设计,培养项目,62,2,62,793.909330094832,804.1482487006521,19.024126871496776
P::人工智能数字健康,人工智能数字健康,培养项目,60,1,60,614.8776691871493,493.2121312913167,18.836730205769527
P::公共卫生+X,公共卫生+X,培养项目,60,1,60,839.5649610165707,245.13189148971088,18.836730205769527
P::多能融合的新型能源系统,多能融合的新型能源系统,培养项目,59,1,59,559.637106076306,614.8341850977395,18.741860502711894
P::新一代核心功能器件及其应用,新一代核心功能器件及其应用,培养项目,59,2,59,588.3212920966862,779.0957546661393,18.741860502711894
P::工程科学计算,工程科学计算,培养项目,57,2,57,664.1929217566155,578.1194938562847,18.549677785821935
P::新能源材料与器件,新能源材料与器件,培养项目,57,1,57,764.9584288029296,815.9052075270076,18.549677785821935
P::新药创制,新药创制,培养项目,56,1,56,720.1461054578381,852.1795213832143,18.452321898780795
P::智慧工业元宇宙,智慧工业元宇宙,培养项目,55,1,55,751.7783489436066,504.60276448136125,18.354092812323834
P::机械（海洋）,机械（海洋）,培养项目,54,1,54,988.8730980669663,594.358697085311,18.254966600718312
P::高端机电液装备,高端机电液装备,培养项目,54,1,54,655.7875702195284,792.7311989041478,18.254966600718312
P::中国历代绘画大系,中国历代绘画大系,培养项目,53,4,53,1064.0382245201251,482.66243642623914,18.154918225241943
P::新能源电力系统及其智能化,新能源电力系统及其智能化,培养项目,53,1,53,614.592358101657,522.7168922882419,18.154918225241943
P::新能源电能变换装备和系统,新能源电能变换装备和系统,培养项目,50,1,50,690.9697422569922,592.3375986266412,17.848971436750254
P::片上光学系统及仪器,片上光学系统及仪器,培养项目,50,1,50,804.0880814361959,347.32873274500656,17.848971436750254
P::电子信息（海洋）,电子信息（海洋）,培养项目,50,1,50,975.679367174128,569.6820902962529,17.848971436750254
P::先进飞行器及空天动力,先进飞行器及空天动力,培养项目,49,2,49,1050.751010948902,551.4234490356264,17.74495903372479
P::数工智造：新一代数据引擎与工业软件,数工智造：新一代数据引擎与工业软件,培养项目,49,1,49,833.4426698080919,707.4224830691261,17.74495903372479
P::高端聚烯烃材料分子设计与智造,高端聚烯烃材料分子设计与智造,培养项目,48,1,48,987.4702837201163,724.9888499669262,17.639879753070336
P::卓越风景园林师,卓越风景园林师,培养项目,47,1,47,630.8891614103159,230.65447836703072,17.533700075782228
P::未来健康,未来健康,培养项目,47,1,47,911.6015870315749,734.1999659768943,17.533700075782228
P::智慧与生态畜牧业,智慧与生态畜牧业,培养项目,46,1,46,555.8539052363641,775.9258219498369,17.426384690045957
P::智慧光学,智慧光学,培养项目,46,1,46,637.585595938339,433.164008218649,17.426384690045957
P::博物馆理论与科普实践,博物馆理论与科普实践,培养项目,45,1,45,1050.8692849097001,452.87822198446605,17.317896354046795
P::数字化高端制造技术及装备,数字化高端制造技术及装备,培养项目,45,1,45,772.2345327656508,785.4061085171953,17.317896354046795
P::智能组织心理与行为,智能组织心理与行为,培养项目,45,1,45,1119.8603340054012,599.3068079948051,17.317896354046795
P::关键软件,关键软件,培养项目,44,3,44,950.0138903754917,560.0691256077907,17.208195744979182
P::地球信息工程,地球信息工程,培养项目,44,1,44,787.1996288690028,370.74514876319586,17.208195744979182
P::先进结构材料,先进结构材料,培养项目,43,1,43,613.1175700512047,724.641548930765,17.09724129252039
P::空天地海一体化韧性安全城市,空天地海一体化韧性安全城市,培养项目,43,1,43,752.012782571546,321.6418235211989,17.09724129252039
P::一流税务师,一流税务师,培养项目,42,1,42,1068.4920637372195,910.9695716939412,16.984988994768788
P::垂直领域大模型平台,垂直领域大模型平台,培养项目,42,1,42,599.5254753762503,583.2423902261147,16.984988994768788
P::移动智慧物联网,移动智慧物联网,培养项目,42,1,42,728.4427930703062,422.2365346352536,16.984988994768788
P::高端测试仪器与医疗装备,高端测试仪器与医疗装备,培养项目,42,1,42,760.3787033047096,717.2237026887062,16.984988994768788
P::先进材料与高端制造,先进材料与高端制造,培养项目,41,4,41,1063.1786038396729,623.1577164448536,16.871392214335685
P::分布式智能电网,分布式智能电网,培养项目,41,1,41,838.87752186836,830.604721618716,16.871392214335685
P::可再生能源基地送出及消纳,可再生能源基地送出及消纳,培养项目,41,1,41,971.0802611596138,539.6582572924303,16.871392214335685
P::智能装备创新设计,智能装备创新设计,培养项目,41,4,41,673.3609127923943,648.7560171500844,16.871392214335685
P::面向交通智能的嵌入式AI关键技术与平台,面向交通智能的嵌入式AI关键技术与平台,培养项目,41,2,41,628.7537465675224,403.7813751504831,16.871392214335685
P::食品与发酵工程,食品与发酵工程,培养项目,41,1,41,1040.4821594842072,737.2191720758391,16.871392214335685
P::AI海洋工程安全保障技术与应用,AI海洋工程安全保障技术与应用,培养项目,40,2,40,971.7727203841616,444.855732207654,16.756401451910897
P::iMDS专硕,iMDS专硕,培养项目,40,1,40,845.947501727449,510.0756932076995,16.756401451910897
P::专用通信系统设计,专用通信系统设计,培养项目,40,1,40,1020.3890665699728,548.9151550483219,16.756401451910897
P::减污降碳绿色环境技术,减污降碳绿色环境技术,培养项目,40,2,40,932.0438669219268,580.7245000906094,16.756401451910897
P::新药创制工程,新药创制工程,培养项目,40,2,40,865.2926166685098,841.2774374494525,16.756401451910897
P::氢能科学与工程,氢能科学与工程,培养项目,40,3,40,705.5109763723684,713.8473393063597,16.756401451910897
P::汽车工程及其智能化,汽车工程及其智能化,培养项目,40,2,40,769.3501059871088,450.373780949089,16.756401451910897
P::航天电子信息处理系统,航天电子信息处理系统,培养项目,40,1,40,725.8280537206919,496.85582565137173,16.756401451910897
P::信息功能材料,信息功能材料,培养项目,39,1,39,1048.5351147490162,701.949769781799,16.639964094183554
P::区块链与可信智能软件,区块链与可信智能软件,培养项目,39,1,39,828.6385010596962,757.8540278988695,16.639964094183554
P::土木工程数字孪生与工业软件,土木工程数字孪生与工业软件,培养项目,39,2,39,905.2684609575326,682.2998339752031,16.639964094183554
P::土木水利（海洋）,土木水利（海洋）,培养项目,39,1,39,816.2698460871748,551.6940437206661,16.639964094183554
P::支撑“双碳”战略的新型电力系统,支撑“双碳”战略的新型电力系统,培养项目,38,1,38,1040.0132718890864,638.253442377419,16.52202413247666
P::数智土木与交通,数智土木与交通,培养项目,38,2,38,1038.8334598259503,607.9661331408513,16.52202413247666
P::智能机器人与无人系统,智能机器人与无人系统,培养项目,38,1,38,696.1509257464727,460.30062084703866,16.52202413247666
P::数字经济,数字经济,培养项目,37,1,37,747.8371128059254,186.42862812446202,16.402521847825916
P::人工智能,人工智能,培养项目,35,3,35,589.1720901772802,478.1132868700699,16.158570716871857
P::绿色石化、新材料与低碳技术,绿色石化、新材料与低碳技术,培养项目,35,2,35,919.8469083321661,756.502520907063,16.158570716871857
P::集成电路高端制造装备及其核心基础件,集成电路高端制造装备及其核心基础件,培养项目,35,1,35,971.5059965377638,508.6650364340887,16.158570716871857
P::全球数字贸易,全球数字贸易,培养项目,34,1,34,985.226071837731,359.59084599859364,16.03398047004429
P::电气信息与智联网技术,电气信息与智联网技术,培养项目,34,1,34,944.4139877665949,488.4784447075495,16.03398047004429
P::城市工程系统可持续,城市工程系统可持续,培养项目,33,3,33,655.6701675556669,671.5948774145251,15.907544140063965
P::光学感知与成像,光学感知与成像,培养项目,32,1,32,841.3736313217405,659.1034126470299,15.779177149400205
P::新材料,新材料,培养项目,32,5,32,741.213500481306,396.8183404959286,15.779177149400205
P::计量社会政策,计量社会政策,培养项目,32,1,32,1010.6801249635427,798.3143969554707,15.779177149400205
P::半导体,半导体,培养项目,31,4,31,686.9299057079661,791.4411912324096,15.648788258089482
P::工业工程与管理,工业工程与管理,培养项目,31,1,31,831.3755476874802,1068.677244019876,15.648788258089482
P::乌鸡产业提升,乌鸡产业提升,培养项目,30,1,30,748.052478126255,794.9290146732377,15.516278804981996
P::农村发展与乡村振兴,农村发展与乡村振兴,培养项目,30,1,30,841.7915463580237,856.7572049167707,15.516278804981996
P::华为联培,华为联培,培养项目,30,1,30,833.1731904651492,534.1276035364996,15.516278804981996
P::南昌研究院,南昌研究院,培养项目,30,1,30,696.6464837432433,540.6787868057759,15.516278804981996
P::智能催化与绿色合成,智能催化与绿色合成,培养项目,30,2,30,934.7469710446187,841.2227328638097,15.516278804981996
P::智能控制与先进技术,智能控制与先进技术,培养项目,30,1,30,917.3894162393597,493.73206762151403,15.516278804981996
P::面向生命健康的高性能科学仪器和智能医疗设备,面向生命健康的高性能科学仪器和智能医疗设备,培养项目,30,1,30,937.2066716663634,410.1974769233884,15.516278804981996
P::高性能聚烯烃材料,高性能聚烯烃材料,培养项目,30,1,30,869.3839790497126,508.25574576379535,15.516278804981996
P::NGICS大平台工业控制系统综合安全,NGICS大平台工业控制系统综合安全,培养项目,29,2,29,983.693263923118,753.8196034552341,15.381541834135636
P::纪检监察,纪检监察,培养项目,29,1,29,774.9350995470827,344.1872900577508,15.381541834135636
P::风光储功率变换装备和系统,风光储功率变换装备和系统,培养项目,29,1,29,820.0145217553342,576.3743304191652,15.381541834135636
P::新型软件架构与系统,新型软件架构与系统,培养项目,28,1,28,720.8779521883596,448.6998257268042,15.244461084365824
P::高端智能机电液装备,高端智能机电液装备,培养项目,28,1,28,818.0888102839327,446.3289886210103,15.244461084365824
P::高端装备与安全,高端装备与安全,培养项目,28,1,28,853.5945518042489,613.3583064667208,15.244461084365824
P::工业智能,工业智能,培养项目,26,1,26,772.0550230767502,676.5529563928868,14.962749432703053
P::智能药学,智能药学,培养项目,26,1,26,736.386602848805,686.7050722918751,14.962749432703053
P::精密光学检测传感及智能光学成像技术与系统,精密光学检测传感及智能光学成像技术与系统,培养项目,26,1,26,591.9215499311226,664.388036347266,14.962749432703053
P::数字法治,数字法治,培养项目,25,1,25,875.6519898242527,442.9440166099021,14.817827881231992
P::智能网联交通,智能网联交通,培养项目,25,1,25,827.9843864826155,489.52038685491203,14.817827881231992
P::绿色能源材料与低碳技术,绿色能源材料与低碳技术,培养项目,25,2,25,589.4501725589187,706.3168585168221,14.817827881231992
P::聚合物先进制造与高值循环,聚合物先进制造与高值循环,培养项目,25,2,25,640.5754211036747,740.9712872090222,14.817827881231992
P::高端智能医疗装备,高端智能医疗装备,培养项目,25,1,25,646.6498026220355,470.71531973444337,14.817827881231992
P::“双碳”高分子新材料,“双碳”高分子新材料,培养项目,24,1,24,874.1384295183562,788.8169201785121,14.669977733812209
P::可持续智慧城市,可持续智慧城市,培养项目,24,1,24,1034.354272811018,478.0586710843291,14.669977733812209
P::海洋智能装备与无人系统,海洋智能装备与无人系统,培养项目,23,1,23,965.0514457533708,682.9920544119963,14.519013926997824
P::海洋电子与智能信息处理,海洋电子与智能信息处理,培养项目,23,1,23,644.1325683442889,562.1710821099592,14.519013926997824
P::资产管理,资产管理,培养项目,23,1,23,516.1546668433707,662.751649259935,14.519013926997824
P::低温制冷,低温制冷,培养项目,22,1,22,583.5930797966407,635.7173003739969,14.364731044361168
P::智能医疗技术及仪器工程,智能医疗技术及仪器工程,培养项目,22,1,22,856.2271104332044,697.0751168131891,14.364731044361168
P::智能感知与检测,智能感知与检测,培养项目,22,1,22,704.7249568091896,353.6328479778745,14.364731044361168
P::生物安全,生物安全,培养项目,22,1,22,733.6422918391019,875.9606331381348,14.364731044361168
P::碳中和城市建设与生物质工程材料,碳中和城市建设与生物质工程材料,培养项目,22,1,22,781.9519861017459,640.2886231753687,14.364731044361168
P::长三角智慧绿洲未来设计,长三角智慧绿洲未来设计,培养项目,22,1,22,904.7028490359506,580.2546088684691,14.364731044361168
P::飞航智能技术与装备,飞航智能技术与装备,培养项目,22,1,22,837.2979768415336,406.23255152868023,14.364731044361168
P::高新材料化学,高新材料化学,培养项目,22,2,22,957.4706018535628,663.3957432766613,14.364731044361168
P::嵌入式系统与高端测试装备,嵌入式系统与高端测试装备,培养项目,21,1,21,946.0101337336165,460.4571292139814,14.206900037680784
P::智慧交通,智慧交通,培养项目,21,1,21,1005.4077894434316,572.892163911968,14.206900037680784
P::储能科学与工程,储能科学与工程,培养项目,20,3,20,607.9858522344356,607.1219902068881,14.045264236031198
P::先进医药工程,先进医药工程,培养项目,20,2,20,937.324894884842,735.0575686582729,14.045264236031198
P::宁波理工联培,宁波理工联培,培养项目,20,2,20,861.4572803011343,813.1882180029588,14.045264236031198
P::投资银行,投资银行,培养项目,20,1,20,487.0267827518906,615.0489676318931,14.045264236031198
P::数字媒体艺术,数字媒体艺术,培养项目,20,1,20,549.5175664382031,439.68759858966496,14.045264236031198
P::智慧环境,智慧环境,培养项目,20,3,20,891.3838732342513,603.9880150001302,14.045264236031198
P::机器人与智能制造工程,机器人与智能制造工程,培养项目,20,2,20,766.7698887125805,387.2973928739496,14.045264236031198
P::电力关键基础设施安全,电力关键基础设施安全,培养项目,20,1,20,720.6860737516226,668.055654358587,14.045264236031198
P::电气化运载装备与系统,电气化运载装备与系统,培养项目,20,1,20,784.0560377610855,727.2959339961292,14.045264236031198
P::高端化学品智能设计与先进制造,高端化学品智能设计与先进制造,培养项目,20,2,20,673.818356820481,477.25598880167996,14.045264236031198
P::高能电磁攻防装备与系统,高能电磁攻防装备与系统,培养项目,20,1,20,571.294737555883,537.5137298732669,14.045264236031198
P::影视艺术与文化产业,影视艺术与文化产业,培养项目,19,1,19,608.8922209018892,363.061212175832,13.879534444102925
P::涉外法治,涉外法治,培养项目,19,1,19,947.2800592657634,435.44676289194757,13.879534444102925
P::未来食品,未来食品,培养项目,18,1,18,914.8142194660991,822.3605597686377,13.709382862050152
P::石窟文化,石窟文化,培养项目,18,2,18,815.9556991286464,613.8834679801101,13.709382862050152
P::船舶与海洋工程,船舶与海洋工程,培养项目,18,5,18,761.8407955213939,582.572374343894,13.709382862050152
P::资源与环境（海洋）,资源与环境（海洋）,培养项目,18,1,18,827.9261176923582,635.8812501023215,13.709382862050152
P::国际中文教育及中华文化传播,国际中文教育及中华文化传播,培养项目,17,1,17,1282.4009679379399,597.7320213748442,13.534435460881879
P::天姥实验室专项,天姥实验室专项,培养项目,17,1,17,812.9813931846576,823.5229003701377,13.534435460881879
P::智能海洋土木工程,智能海洋土木工程,培养项目,17,1,17,833.4164383684474,595.4527816565017,13.534435460881879
P::GF通信与信号处理技术,GF通信与信号处理技术,培养项目,16,1,16,850.719441550444,638.207739648759,13.354262304985594
P::“一带一路”临床医学,“一带一路”临床医学,培养项目,16,1,16,915.9754364703573,637.3859564315467,13.354262304985594
P::智能机器人技术与工程,智能机器人技术与工程,培养项目,15,3,15,699.4744877403898,740.4413520145423,13.168365102884763
P::生物材料与医疗器械,生物材料与医疗器械,培养项目,15,1,15,793.4820555778809,455.03210834470804,13.168365102884763
P::高效能电机系统及智能控制,高效能电机系统及智能控制,培养项目,15,1,15,583.9679504582116,560.1561046477825,13.168365102884763
P::减污降碳协同治理,减污降碳协同治理,培养项目,14,1,14,638.4021740467654,716.0028948491706,12.976160949390398
P::数字经济与三农现代化,数字经济与三农现代化,培养项目,14,1,14,644.1284364898013,818.1718364095332,12.976160949390398
P::新一代信息通信技术,新一代信息通信技术,培养项目,14,1,14,757.4127945157553,630.89065564133,12.976160949390398
P::智能网联新能源运载工具,智能网联新能源运载工具,培养项目,14,1,14,606.9978311916739,650.2335713109061,12.976160949390398
P::海洋智能机器人组网、运维与应用,海洋智能机器人组网、运维与应用,培养项目,14,2,14,993.5631326048813,552.1277490100728,12.976160949390398
P::生成式智能设计与数字创意工程,生成式智能设计与数字创意工程,培养项目,14,2,14,761.5062453514659,739.2507434731273,12.976160949390398
P::动物产品品质与安全,动物产品品质与安全,培养项目,13,2,13,816.3031036326084,848.6745835109905,12.77696073016039
P::开放型经济与发展,开放型经济与发展,培养项目,13,1,13,901.3307035075143,326.3828865953452,12.77696073016039
P::特色畜禽品种产业提升,特色畜禽品种产业提升,培养项目,13,1,13,576.6610140441301,684.0051510895187,12.77696073016039
P::中国书画创作的当代传承与社会美育,中国书画创作的当代传承与社会美育,培养项目,12,1,12,1015.1165385441981,596.3639499102994,12.569939876535168
P::复杂组分固体燃料能源化利用,复杂组分固体燃料能源化利用,培养项目,12,1,12,682.7686867652778,500.165505426558,12.569939876535168
P::文化遗产与博物馆研究,文化遗产与博物馆研究,培养项目,12,1,12,1030.2023497689095,431.9952262247235,12.569939876535168
P::智能工业心理,智能工业心理,培养项目,12,1,12,1077.8953969679962,645.2824647306029,12.569939876535168
P::动物疫病防控与生物安全,动物疫病防控与生物安全,培养项目,11,1,11,629.6913199401487,861.0757698889438,12.354097872489591
P::城市学院联培,城市学院联培,培养项目,11,2,11,805.1060641657525,716.0248802656769,12.354097872489591
P::海洋风电工程,海洋风电工程,培养项目,11,3,11,743.7076597397352,445.26248998055917,12.354097872489591
P::光电探测与遥感,光电探测与遥感,培养项目,10,1,10,818.500334775017,421.13633759748956,12.128200725955448
P::功能化学品智造工程,功能化学品智造工程,培养项目,10,2,10,702.0952237047135,811.9145338760757,12.128200725955448
P::医疗健康创新工程,医疗健康创新工程,培养项目,10,3,10,916.100199979115,661.8833153656244,12.128200725955448
P::大健康高分子材料,大健康高分子材料,培养项目,10,1,10,680.9317075293911,523.2631660229472,12.128200725955448
P::智能医药工程,智能医药工程,培养项目,10,1,10,801.5849582246166,655.9615988983079,12.128200725955448
P::高端聚烯烃材料分子设计与高值化产品开发,高端聚烯烃材料分子设计与高值化产品开发,培养项目,10,1,10,907.2053052367393,515.6174810162075,12.128200725955448
P::先进试验与测试,先进试验与测试,培养项目,9,3,9,824.0083283202904,511.9714653881037,11.890696728739195
P::生物与医药（海洋）,生物与医药（海洋）,培养项目,8,1,8,747.4670183157206,669.635405763505,11.639588574700102
P::生物育种,生物育种,培养项目,8,1,8,722.2974351323529,753.8738818442117,11.639588574700102
P::社会工作与社会政策,社会工作与社会政策,培养项目,8,1,8,996.169851677163,775.3643866308777,11.639588574700102
P::莫航联培,莫航联培,培养项目,8,1,8,834.6732238352013,464.33609447559957,11.639588574700102
P::海南研究院,海南研究院,培养项目,7,2,7,719.9376607352873,731.4110181769512,11.372230542182912
P::海洋碳增汇过程与技术,海洋碳增汇过程与技术,培养项目,7,1,7,639.9266832347506,768.91161172591,11.372230542182912
P::核科学与技术,核科学与技术,培养项目,6,3,6,608.0915405682126,628.270291013299,11.084988866906105
P::工业母机,工业母机,培养项目,5,1,5,835.8854391340838,617.8724610444932,10.772632118015599
P::新能源汽车高功率密度SiC驱动电机系统,新能源汽车高功率密度SiC驱动电机系统,培养项目,5,1,5,594.8634116890232,537.5400490397313,10.772632118015599
P::智能机器人一体化关节伺服电机系统,智能机器人一体化关节伺服电机系统,培养项目,5,1,5,571.7618621135757,658.8243170602086,10.772632118015599
P::机器人伺服电机系统,机器人伺服电机系统,培养项目,5,1,5,586.3334774774462,610.2924974834888,10.772632118015599
P::海洋生物资源利用,海洋生物资源利用,培养项目,4,1,4,866.3321336080639,655.6723987260549,10.427131152492798
P::网络安全,网络安全,培养项目,4,1,4,743.3018703645848,564.2976310868429,10.427131152492798
P::高端化学试剂与精细化学品,高端化学试剂与精细化学品,培养项目,4,2,4,820.4728976098249,654.107939746564,10.427131152492798
P::生物医药及高端医疗设备,生物医药及高端医疗设备,培养项目,3,1,3,784.0834946400026,661.7264403094312,10.034969938267583
P::重庆研究院,重庆研究院,培养项目,2,1,2,629.0268546584473,616.9898821313079,9.569794287350051
P::科学试验用仪器设备,科学试验用仪器设备,培养项目,1,1,1,857.2119457275228,674.6932348898678,8.963565576246399
L1::电子信息,电子信息,一级学科,3788,110,7576,888.0615305151831,362.24560654491717,35.0
L1::临床医学,临床医学,一级学科,1302,29,2604,833.4526370210348,794.4536006559761,35.0
L1::机械,机械,一级学科,1073,54,2146,665.1569423250514,405.61560267567705,35.0
L1::能源动力,能源动力,一级学科,1016,49,2032,619.6135635907705,686.3867312923352,35.0
L1::材料与化工,材料与化工,一级学科,890,37,1780,952.3299686860137,771.3552183586763,35.0
L1::农业,农业,一级学科,658,18,1316,576.4676695372034,741.3510672662527,35.0
L1::土木水利,土木水利,一级学科,561,21,1122,912.1467435890327,436.21994948786335,35.0
L1::药学,药学,一级学科,386,8,772,899.6743254435058,855.356735945164,35.0
L1::法律,法律,一级学科,375,6,750,948.536638957316,373.3242542928413,35.0
L1::生物与医药,生物与医药,一级学科,341,24,682,1023.0464853717745,673.1832669285366,34.526473148136574
L1::金融,金融,一级学科,279,5,558,521.6717025663464,626.8473144821932,31.94636477426845
L1::教育,教育,一级学科,259,6,518,705.4803577577467,912.8358065630235,31.053858850666575
L1::工商管理,工商管理,一级学科,257,3,514,943.6026709302587,914.1344046253238,30.962741066746172
L1::资源与环境,资源与环境,一级学科,247,13,494,669.855428055946,761.2125666134149,30.501738551801747
L1::公共卫生,公共卫生,一级学科,242,3,484,891.3277321022196,285.8928811031556,30.267737160850558
L1::口腔医学,口腔医学,一级学科,219,2,438,1039.7867825099402,819.7592534246814,29.158792646825585
L1::建筑,建筑,一级学科,177,3,354,853.9876910141097,734.2508187700544,26.971473562298797
L1::应用心理,应用心理,一级学科,153,4,306,1112.2201756035809,565.7827305705761,25.603306382645638
L1::会计,会计,一级学科,140,2,280,632.8653306620746,328.84459407246305,24.817141433743714
L1::戏剧与影视,戏剧与影视,一级学科,113,4,226,599.3289750075015,392.2102615486041,23.05791548199823
L1::兽医,兽医,一级学科,101,5,202,692.2570259070861,838.229852783176,22.208652004630427
L1::护理,护理,一级学科,93,2,186,1117.1416080941706,691.316056350998,21.614115283131675
L1::新闻与传播,新闻与传播,一级学科,88,2,176,1151.8898618540945,695.2633818685284,21.229462088722336
L1::交通运输,交通运输,一级学科,82,7,164,1078.7082038760755,512.6105025319365,20.753149967831163
L1::博物馆,博物馆,一级学科,76,5,152,997.1019384276376,422.2371759564074,20.25906888820585
L1::城乡规划,城乡规划,一级学科,69,3,138,875.1227240875614,630.4407694127884,19.657288740593778
L1::国际商务,国际商务,一级学科,47,3,94,925.0522805772216,341.6861376172427,17.533700075782228
L1::风景园林,风景园林,一级学科,47,2,94,574.5090063699838,263.89736760255374,17.533700075782228
L1::税务,税务,一级学科,42,2,84,1112.8282933320465,864.309941966609,16.984988994768788
L1::社会工作,社会工作,一级学科,40,3,80,1002.9134444470192,827.2495835646474,16.756401451910897
L1::数字经济,数字经济,一级学科,37,2,74,685.5902534160894,197.58233577954206,16.402521847825916
L1::美术与书法,美术与书法,一级学科,35,4,70,700.7929565892254,486.05854259691955,16.158570716871857
L1::工程管理,工程管理,一级学科,31,2,62,769.6164276641318,1067.3440074241294,15.648788258089482
L1::国际中文教育,国际中文教育,一级学科,17,2,34,1275.090708882266,540.5519845486579,13.534435460881879
L2::软件工程,软件工程,二级学科,757,1,757,1037.2560424316273,514.5201932813393,35.0
L2::电气工程,电气工程,二级学科,565,1,565,728.5976232032143,533.4260948741223,35.0
L2::计算机技术,计算机技术,二级学科,546,1,546,741.9507078630368,359.5275335539715,35.0
L2::机械（机械学院）,机械（机械学院）,二级学科,459,1,459,939.098355661891,524.2641553380632,35.0
L2::人工智能,人工智能,二级学科,409,1,409,650.1956187143712,505.7990051848848,35.0
L2::药学,药学,二级学科,386,1,386,885.5323734289881,712.2089711643479,35.0
L2::电子信息（控制学院）,电子信息（控制学院）,二级学科,315,1,315,1005.9513142478585,629.3294392551311,33.47571215061558
L2::内科学,内科学,二级学科,308,1,308,782.8771528326696,608.9179747603501,33.185471620350356
L2::法律（非法学）,法律（非法学）,二级学科,305,1,305,874.3659855810383,408.7217183948736,33.06007393909303
L2::电子信息（集成电路学院）,电子信息（集成电路学院）,二级学科,289,1,289,707.4692697268301,390.6858678943299,32.38061479618877
L2::材料与化工（材料学院）,材料与化工（材料学院）,二级学科,288,1,288,671.7812047204802,721.5759177073669,32.33753144820061
L2::外科学,外科学,二级学科,287,1,287,662.4483712845631,613.3900105197133,32.294373237579144
L2::土木工程,土木工程,二级学科,285,1,285,1006.4356562551111,458.08709662278557,32.20783065856722
L2::金融,金融,二级学科,279,1,279,494.91617920865406,578.1594413961121,31.94636477426845
L2::能源动力（能源学院）,能源动力（能源学院）,二级学科,271,1,271,686.7632746471663,682.0119478300908,31.593330137380466
L2::材料与化工（化工学院）,材料与化工（化工学院）,二级学科,262,1,262,909.7886647614547,788.9506174834651,31.18987841558172
L2::农艺与种业,农艺与种业,二级学科,261,1,261,515.9562916743772,699.7421905248091,31.144625502406907
L2::工商管理,工商管理,二级学科,257,1,257,900.229705475988,900.4203158525838,30.962741066746172
L2::电子信息（信电学院）,电子信息（信电学院）,二级学科,257,1,257,637.8359249586516,645.9487537696191,30.962741066746172
L2::公共卫生,公共卫生,二级学科,242,1,242,845.5269174834759,282.4642762260302,30.267737160850558
L2::口腔医学,口腔医学,二级学科,219,1,219,1060.1017649655628,769.4212039954356,29.158792646825585
L2::电子信息（光电学院）,电子信息（光电学院）,二级学科,193,1,193,762.6087934652926,420.1042141894896,27.832502792889915
L2::大数据技术与工程,大数据技术与工程,二级学科,191,1,191,846.3437441668173,564.171584289355,27.72687868730441
L2::机械（航空航天学院）,机械（航空航天学院）,二级学科,180,1,180,697.9971770534512,626.0673674741354,27.13579270809359
L2::建筑,建筑,二级学科,177,1,177,892.9621751193342,471.65363269967196,26.971473562298797
L2::资源利用与植物保护,资源利用与植物保护,二级学科,165,1,165,756.4400436858331,850.1862303300327,26.299840221013042
L2::食品工程,食品工程,二级学科,164,1,164,919.6869414503302,607.1685257266661,26.242784428671374
L2::工业设计工程,工业设计工程,二级学科,161,1,161,886.2957270246643,755.7297889859693,26.07056529973511
L2::畜牧,畜牧,二级学科,160,1,160,620.4501930670278,794.6547031152062,26.01280290382179
L2::资源与环境（环资学院）,资源与环境（环资学院）,二级学科,160,1,160,617.2533442041525,459.4657953019976,26.01280290382179
L2::化学工程,化学工程,二级学科,157,1,157,632.0830395163209,588.0603346594072,25.83842410808061
L2::应用心理,应用心理,二级学科,153,1,153,1107.1181159206042,655.4492338460053,25.603306382645638
L2::电子信息（生仪学院）,电子信息（生仪学院）,二级学科,141,1,141,791.1190694749057,571.4995468211561,24.87887831916251
L2::会计,会计,二级学科,140,1,140,592.7335540630517,335.1096731721243,24.817141433743714
L2::动力工程,动力工程,二级学科,118,1,118,719.7740343348272,787.9698286185841,23.398391589241577
L2::新一代电子信息技术（含量子技术等）,新一代电子信息技术（含量子技术等）,二级学科,117,1,117,794.9396480203272,402.27416118830644,23.330882190481173
L2::戏剧与影视,戏剧与影视,二级学科,113,1,113,570.2922886822467,414.2988530366826,23.05791548199823
L2::教育管理,教育管理,二级学科,113,1,113,826.3332272492299,883.4073848024833,23.05791548199823
L2::土木水利（建工学院）,土木水利（建工学院）,二级学科,111,1,111,911.8325194650596,394.3206834091603,22.919620155926452
L2::控制工程,控制工程,二级学科,105,1,105,748.5232723806108,473.47441345937153,22.49708440255013
L2::材料工程,材料工程,二级学科,105,1,105,956.7577363949507,708.6926990015213,22.49708440255013
L2::兽医,兽医,二级学科,101,1,101,657.4574088209603,846.5074857370789,22.208652004630427
L2::电子信息（海洋学院）,电子信息（海洋学院）,二级学科,97,1,97,718.4491355612835,599.0816356001483,21.914449244054552
L2::电子信息（航空航天学院）,电子信息（航空航天学院）,二级学科,95,1,95,802.0915388008755,774.0443465315595,21.765072681815468
L2::护理,护理,二级学科,93,1,93,1113.400848334162,726.620396869858,21.614115283131675
L2::机械工程,机械工程,二级学科,91,1,91,924.2410491013918,707.2202646281285,21.461525770258213
L2::生物与医药（化工学院）,生物与医药（化工学院）,二级学科,90,1,90,746.0944535172885,765.4806081918454,21.38460217786634
L2::土木水利（海洋学院）,土木水利（海洋学院）,二级学科,89,1,89,614.06185392957,556.645687079461,21.307250031836073
L2::网络与信息安全,网络与信息安全,二级学科,89,1,89,818.7928465556228,380.88513971680925,21.307250031836073
L2::新闻与传播,新闻与传播,二级学科,88,1,88,1143.8975132822095,660.2011804138033,21.229462088722336
L2::儿科学,儿科学,二级学科,87,1,87,697.9982261139443,429.3682423290128,21.15123089870252
L2::机械（海洋学院）,机械（海洋学院）,二级学科,84,1,84,989.6988046890003,695.5850197658183,20.913800075361568
L2::交通运输,交通运输,二级学科,82,1,82,971.3880236327716,477.05375358266525,20.753149967831163
L2::骨科学,骨科学,二级学科,81,1,81,776.8333745897328,756.6869877808751,20.672090186217588
L2::博物馆,博物馆,二级学科,76,1,76,783.7700586980384,515.4842567822195,20.25906888820585
L2::妇产科学,妇产科学,二级学科,74,1,74,666.4706498551376,544.5217018151122,20.090067136518194
L2::法律（法学）,法律（法学）,二级学科,70,1,70,955.8810499454063,591.9165596789437,19.745068138566715
L2::城乡规划,城乡规划,二级学科,69,1,69,808.9690358508573,474.1382574288355,19.657288740593778
L2::肿瘤学,肿瘤学,二级学科,66,1,66,688.2853408013918,565.1759944731527,19.390062949128904
L2::学科教学（语文）,学科教学（语文）,二级学科,64,1,64,761.0464578078457,921.6840833486036,19.20852460997119
L2::科学与技术教育,科学与技术教育,二级学科,64,1,64,831.1699191075304,918.7643725615012,19.20852460997119
L2::神经病学,神经病学,二级学科,60,1,60,822.8110750743732,731.0441594692185,18.836730205769527
L2::制药工程,制药工程,二级学科,58,1,58,886.6794010351831,529.8851622614447,18.646183354245537
L2::电子信息（国际联合学院）,电子信息（国际联合学院）,二级学科,56,1,56,892.7012931336201,654.4340938876734,18.452321898780795
L2::农机装备工程,农机装备工程,二级学科,52,1,52,937.2980498636806,648.454796261498,18.05392146032078
L2::光电信息工程,光电信息工程,二级学科,49,1,49,858.6774490987428,533.4304343193755,17.74495903372479
L2::国际商务,国际商务,二级学科,47,1,47,990.483345578471,389.85904817861996,17.533700075782228
L2::风景园林,风景园林,二级学科,47,1,47,602.8435322304441,247.48727261234137,17.533700075782228
L2::集成电路工程,集成电路工程,二级学科,46,1,46,860.0671500574034,463.0060179877561,17.426384690045957
L2::农村发展,农村发展,二级学科,44,1,44,785.0741099872299,700.5728817404037,17.208195744979182
L2::资源与环境（地科学院）,资源与环境（地科学院）,二级学科,44,1,44,702.0581222852999,765.8612916652924,17.208195744979182
L2::麻醉学,麻醉学,二级学科,44,1,44,637.7444750131036,538.5188274579812,17.208195744979182
L2::税务,税务,二级学科,42,1,42,1091.2025585894344,888.1782764463948,16.984988994768788
L2::社会工作,社会工作,二级学科,40,1,40,1025.0814716480536,774.4550180116917,16.756401451910897
L2::材料与化工（化学系）,材料与化工（化学系）,二级学科,39,1,39,731.4891049607277,625.9075319699224,16.639964094183554
L2::材料与化工（高分子系）,材料与化工（高分子系）,二级学科,39,1,39,962.7182865057424,736.9641901726782,16.639964094183554
L2::眼科学,眼科学,二级学科,39,1,39,757.662171858044,694.2348047442116,16.639964094183554
L2::数字经济,数字经济,二级学科,37,1,37,716.8130217818011,192.46632405032025,16.402521847825916
L2::美术与书法,美术与书法,二级学科,35,1,35,794.0600954670441,432.3761449821461,16.158570716871857
L2::市政工程（含给排水等）,市政工程（含给排水等）,二级学科,32,1,32,921.9334373159,558.3877732261894,15.779177149400205
L2::能源动力（能源学院),能源动力（能源学院),二级学科,32,1,32,802.1052811249361,744.5114959369006,15.779177149400205
L2::儿外科学,儿外科学,二级学科,31,1,31,875.2055139463894,554.158495633639,15.648788258089482
L2::工程管理,工程管理,二级学科,31,1,31,800.5134873662226,1067.947172921097,15.648788258089482
L2::精神病与精神卫生学,精神病与精神卫生学,二级学科,30,1,30,777.2772083866481,544.7050386494282,15.516278804981996
L2::重症医学,重症医学,二级学科,29,1,29,554.9474284412046,642.3519480773548,15.381541834135636
L2::农业工程与信息技术,农业工程与信息技术,二级学科,28,1,28,672.2977060910977,815.8770171199774,15.244461084365824
L2::放射影像学,放射影像学,二级学科,25,1,25,878.0109106451287,677.6911426330223,14.817827881231992
L2::资源与环境（海洋学院）,资源与环境（海洋学院）,二级学科,25,1,25,834.9883301796041,682.1081873852961,14.817827881231992
L2::电子信息（软件学院）,电子信息（软件学院）,二级学科,22,1,22,702.8220477639892,512.6327479375375,14.364731044361168
L2::临床病理,临床病理,二级学科,19,1,19,778.9119301747254,473.48610729232837,13.879534444102925
L2::水利工程,水利工程,二级学科,19,1,19,973.0910034142717,613.2680113689796,13.879534444102925
L2::皮肤病与性病学,皮肤病与性病学,二级学科,19,1,19,734.4972480859809,711.9583628748752,13.879534444102925
L2::能源动力（国际联合学院）,能源动力（国际联合学院）,二级学科,19,1,19,716.2365509479074,693.0104183877071,13.879534444102925
L2::机械（软件学院）,机械（软件学院）,二级学科,18,1,18,850.1368005797468,485.7843663908988,13.709382862050152
L2::现代教育技术,现代教育技术,二级学科,18,1,18,739.2645154894783,901.6203556190586,13.709382862050152
L2::国际中文教育,国际中文教育,二级学科,17,1,17,1278.549115834389,569.1823225916198,13.534435460881879
L2::生物与医药（化学系）,生物与医药（化学系）,二级学科,17,1,17,763.2450836401738,653.1116779580958,13.534435460881879
L2::环境工程,环境工程,二级学科,16,1,16,740.3351731387934,649.6418779826028,13.354262304985594
L2::急诊医学,急诊医学,二级学科,15,1,15,761.7513909144589,527.0764538435,13.168365102884763
L2::超声医学,超声医学,二级学科,15,1,15,809.0251690846702,525.3667247395632,13.168365102884763
L2::临床检验诊断学,临床检验诊断学,二级学科,13,1,13,811.5700702022314,694.3672829303482,12.77696073016039
L2::全科医学,全科医学,二级学科,13,1,13,721.2105549817265,471.83027134283026,12.77696073016039
L2::耳鼻咽喉科学,耳鼻咽喉科学,二级学科,13,1,13,653.7570343130504,695.0043215238867,12.77696073016039
L2::机械（国际联合学院）,机械（国际联合学院）,二级学科,12,1,12,891.5240371685613,501.4325223898187,12.569939876535168
L2::生物与医药（海洋学院）,生物与医药（海洋学院）,二级学科,12,1,12,740.4832367603241,736.6644309080053,12.569939876535168
L2::土木水利（国际联合学院）,土木水利（国际联合学院）,二级学科,10,1,10,908.6485997273758,539.2964229710701,12.128200725955448
L2::机械（集成电路学院）,机械（集成电路学院）,二级学科,10,1,10,796.3936849750536,541.5748797190831,12.128200725955448
L2::生物医学工程,生物医学工程,二级学科,10,1,10,805.2248255770193,634.6046330383217,12.128200725955448
L2::清洁能源技术,清洁能源技术,二级学科,9,1,9,855.3762421428829,590.3945200198716,11.890696728739195
L2::土木水利（工程师学院）,土木水利（工程师学院）,二级学科,8,1,8,924.2173923924157,469.9980520386669,11.639588574700102
L2::海洋工程,海洋工程,二级学科,7,1,7,897.01550957584,558.18553694748,11.372230542182912
L2::老年医学,老年医学,二级学科,7,1,7,699.1293452289576,655.277197938795,11.372230542182912
L2::医学遗传学,医学遗传学,二级学科,6,1,6,897.7538875929507,627.1782164900947,11.084988866906105
L2::康复医学与理疗学,康复医学与理疗学,二级学科,6,1,6,738.8093553771481,581.7550482691842,11.084988866906105
L2::运动医学,运动医学,二级学科,6,1,6,719.0500075538581,646.3667086757125,11.084988866906105
L2::放射肿瘤学,放射肿瘤学,二级学科,5,1,5,770.1636962409972,492.9634144967412,10.772632118015599
L2::仪器仪表工程,仪器仪表工程,二级学科,3,1,3,872.1683349627763,604.4412177087236,10.034969938267583
L2::核医学,核医学,二级学科,3,1,3,796.4688988795117,678.5160715031014,10.034969938267583
L2::航天工程,航天工程,二级学科,3,1,3,806.7239929540547,501.6584489668708,10.034969938267583
L2::储能技术,储能技术,二级学科,2,1,2,755.0951110823988,548.2621902517487,9.569794287350051
L2::地质工程,地质工程,二级学科,2,1,2,764.6519336039032,564.1340586722451,9.569794287350051
L2::机械（工程师学院）,机械（工程师学院）,二级学科,2,1,2,810.0143006694299,593.8465724474748,9.569794287350051
L2::临床医学,临床医学,二级学科,1,1,1,816.4950239925752,672.419102849439,8.963565576246399
L2::电子信息（工程师学院）,电子信息（工程师学院）,二级学科,1,1,1,870.8936680904922,487.29421228248043,8.963565576246399
L2::航空工程,航空工程,二级学科,1,1,1,790.8286410147151,491.43710835280314,8.963565576246399
