iata,nx,ny
0,-372.1969052,-168.6382413
1,-258.8099269,131.1969052
2,-644.8921205,-687.9569761
3,-145.1969052,270.1969052
4,552.1969052,374.8585851
5,-104.1969052,-503.1969052
6,-364.1969052,-394.4822471
7,-585.3846138,-649.3762515
8,666.1499141,193.1118052
9,369.8030948,488.2087115
10,633.4651213,-439.1969052
11,949.2308303,608.174357
12,591.8030948,616.1969052
13,1850.803095,876.8030948
14,1123.803095,-840.576715
15,525.1969052,-51.60929761
16,501.1969052,-206.8030948
17,644.8030948,-1763.803095
18,973.841979,340.2452434
19,588.8018848,-470.1969052
20,655.1969052,-473.8030948
21,825.752959,-514.1969052
22,-305.1969052,-34.19690519
23,-287.1969052,785.1969052
24,-569.1969052,103.1969052
25,-724.1969052,-40.19690519
26,971.1969052,84.35749725
27,734.1969052,289.7287667
28,511.1969052,517.1969052
29,111.6732224,-995.1969052
30,812.1969052,-312.2493392
31,437.2395537,904.1969052
32,532.7550959,-776.1969052
33,-590.1969052,352.1969052
34,191.1775525,-1020.196905
35,-86.04036853,951.1969052
36,72.56957083,-1069.196905
37,94.94856538,982.1969052
38,146.9167809,761.1969052
39,-340.1969052,-789.1969052
40,-727.1969052,231.6542646
41,836.1969052,365.8390976
42,1570.803095,-1624.803095
43,196.1672766,-1022.196905
44,-910.1969052,226.9734512
45,587.8676669,-734.1969052
46,-241.1969052,726.1969052
47,-743.1969052,386.483999
48,542.1969052,305.1969052
49,28.80309481,993.1969052
50,-257.6395531,-781.1969052
51,430.2859695,-937.1969052
52,146.1969052,-684.1969052
53,-994.1969052,-216.1686292
54,788.1969052,164.1969052
55,-97.19690519,-942.1969052
56,693.1969052,-482.1969052
57,934.1969052,237.8030948
58,-63.80480157,1047.196905
59,-695.1969052,-207.1969052
60,-72.80309481,1609.803095
61,942.1969052,-117.1201908
62,-166.0717397,-730.1969052
63,400.1969052,-386.1969052
64,-209.8030948,983.1969052
65,-126.4141489,693.1969052
66,-79.30880824,-777.1969052
67,1210.803095,-701.1969052
68,-598.1969052,133.1969052
69,-117.8030948,855.1969052
70,-412.1969052,-701.1969052
71,30.19690519,751.1969052
72,-591.1969052,102.1969052
73,662.1969052,-169.8828829
74,-715.1969052,-224.8030948
75,535.1969052,169.1969052
76,908.224083,-334.9861934
77,-402.1969052,388.1969052
78,-1880.803095,402.7437266
79,-929.1969052,87.65725564
80,-189.1969052,618.1969052
81,-1015.803095,1198.008246
82,403.1969052,352.1969052
83,-232.8030948,1619.126294
84,314.1969052,790.1969052
85,300.1969052,-663.1969052
86,-700.1969052,797.7772367
87,215.1969052,-633.1969052
88,-731.1969052,-276.1969052
89,801.1969052,120.9297645
90,-1049.196905,-738.6840909
91,148.049884,-831.1969052
92,-238.8242438,905.1969052
93,1052.196905,-240.4789921
94,-922.1969052,-86.39957181
95,-1507.777999,704.9909189
96,-1893.803095,-1296.469761
97,-850.1969052,127.4975442
98,111.1969052,871.1969052
99,-609.705319,931.1969052
100,-732.0107844,1686.803095
101,-283.2829248,-728.1969052
102,-716.1969052,-426.8030948
103,724.1969052,246.2091149
104,647.1969052,545.6614324
105,-309.8030948,519.1969052
106,366.027295,-735.1969052
107,309.8030948,1024.196905
108,916.8030948,2000.803095
109,812.1969052,-36.42888755
110,929.1969052,907.8030948
111,-777.1969052,608.8030948
112,-810.1969052,420.8030948
113,-546.1969052,-285.1969052
114,106.8030948,649.1969052
115,-285.2647645,718.1969052
116,976.1969052,305.4982728
117,69.80309481,1001.196905
118,72.83198875,-825.1969052
119,1993.112143,396.264913
120,363.4240744,-1883.22918
121,523.1969052,601.1969052
122,-846.1969052,921.631113
123,-1022.196905,154.5929314
124,823.8030948,-827.1969052
125,-9.196905188,812.1969052
126,833.1969052,-141.4299607
127,371.8030948,1067.196905
128,-463.8695337,1406.772352
129,-992.1969052,-266.6683085
130,-355.1519632,-820.1969052
131,893.8787999,-1690.561315
132,-1107.717198,1752.803095
133,377.1001923,-734.1969052
134,-260.501515,-1397.196905
135,632.1969052,417.1969052
136,-827.8312268,-1288.181216
137,668.6922622,1118.446811
138,717.8030948,972.1969052
139,1379.724036,1110.803095
140,-310.1969052,786.1969052
141,1082.142529,-336.1969052
142,-1362.966972,836.8780779
143,186.2666964,889.1969052
144,-1450.904053,739.5130105
145,-1217.803095,1681.621734
146,-752.1969052,216.1969052
147,-312.1969052,638.1969052
148,516.1969052,284.1969052
149,-862.1969052,256.4095951
150,2101.967488,-289.2316662
151,669.1969052,-105.1969052
152,1110.380505,804.1969052
153,-418.1969052,438.1969052
154,-779.1969052,-896.8030948
155,1040.600132,827.8030948
156,101.1969052,607.1969052
157,103.1969052,-660.1969052
158,827.6855667,750.1969052
159,-247.1969052,691.1969052
160,-877.1969052,-210.1969052
161,542.203864,-519.9430073
162,550.1969052,393.1969052
163,85.57849282,-854.1969052
164,-91.77304389,-1038.196905
165,-2126.803095,-1211.803095
166,-685.4236638,400.1969052
167,-839.1969052,-8.247820958
168,56.19690519,936.1969052
169,-571.1969052,606.1969052
170,88.82546659,893.1969052
171,-778.8243509,1448.803095
172,338.1969052,1744.045885
173,914.7280547,8.196905188
174,-1014.196905,101.8030948
175,673.1969052,90.80309481
176,586.8030948,1328.908746
177,729.8030948,-847.1969052
178,-653.8030948,-765.1969052
179,32.19690519,743.7445897
180,16.80309481,1809.469761
181,-71.40189606,-651.1969052
182,583.8030948,820.2120313
183,-1019.196905,-464.1709878
184,-63.80309481,-754.1969052
185,-77.19690519,881.1969052
186,-951.1969052,-14.19690519
187,-949.7887236,-13.19690519
188,-1953.575421,-723.2723929
189,-769.1969052,-879.8030948
190,-673.1969052,1.803094812
191,-1294.803095,-2010.803095
192,854.1969052,818.8030948
193,1737.409297,666.8389033
194,-1501.803095,624.7851367
195,1202.108833,553.0294373
196,-792.8030948,1048.194305
197,-722.1969052,847.1364281
198,199.8030948,-861.1969052
199,-219.1969052,724.1969052
200,675.8030948,991.0590848
201,225.9057765,1283.803095
202,846.2968834,1680.803095
203,862.1969052,-623.8030948
204,-879.1969052,164.8030948
205,-1343.236661,482.1969052
206,-1985.803095,1042.803095
207,-1183.196905,-804.1969052
208,-393.8030948,1980.803095
209,92.2153449,610.1969052
210,245.2792853,-1966.803095
211,239.8030948,-929.1969052
212,-1286.803095,-829.1969052
213,569.1364281,-2160.803095
214,696.1969052,30.19690519
215,1038.875271,-1748.803095
216,-44.19690519,-1374.179061
217,840.1969052,-1284.803095
218,-410.1969052,-618.1969052
219,1492.803095,1215.803095
220,-739.1969052,870.2679231
221,1862.162405,103.0810341
222,-298.2771057,-1856.863041
223,-891.1969052,-43.30368783
224,-275.1969052,908.1969052
225,700.1969052,-612.1969052
226,-127.6228296,-1089.196905
227,332.8030948,1152.196905
228,687.1969052,-570.1969052
229,895.1969052,-1428.803095
230,-1095.196905,-446.8030948
231,969.1969052,353.480502
232,143.4299416,1168.196905
233,1166.196905,262.5276755
234,-888.1969052,217.1969052
235,-894.1969052,601.1167878
236,-1022.639667,-731.990556
237,1017.196905,-1263.803095
238,728.1969052,-562.1969052
239,1052.196905,130.8030948
240,1089.196905,-41.48507182
241,958.1969052,-244.1969052
242,888.1969052,279.2527025
243,877.1969052,383.8999971
244,1103.196905,78.80309481
245,54.19690519,-1053.196905
246,-204.1969052,-1581.231666
247,-191.1969052,-916.1969052
248,894.1969052,367.1969052
249,796.1969052,390.1969052
250,667.1969052,-592.1969052
251,-1039.196905,133.181015
252,1126.196905,64.87684844
253,-1084.196905,213.7030393
254,-1487.040031,129.955019
255,1442.803095,-878.1969052
256,-825.1969052,464.1969052
257,1069.610019,-675.1193863
258,-851.1969052,-411.1969052
259,556.1969052,-644.1969052
260,-1092.196905,761.8030948
261,473.8033298,-1021.196905
262,-1355.803095,977.2476679
263,-900.1969052,-323.1969052
264,1015.803095,-1110.135985
265,220.5294031,1087.196905
266,-1123.196905,-280.8030948
267,598.9111514,1082.196905
268,-30.19690519,988.1969052
269,-1127.196905,35.8683664
270,126.8030948,-1098.196905
271,1160.803095,1350.344039
272,-834.1969052,454.1969052
273,1150.196905,-461.8260977
274,-295.3662364,985.1969052
275,983.1969052,-192.7788909
276,-253.1969052,904.1969052
277,995.9682324,-1067.196905
278,674.1969052,642.1108443
279,-1157.196905,107.1016028
280,1058.196905,166.6946618
281,1852.467458,-497.1969052
282,-1652.803095,819.5570113
283,52.80309481,1093.196905
284,1021.196905,-87.19690519
285,-1960.136428,612.8030948
286,-1040.196905,128.8030948
287,-464.1969052,-1325.951558
288,575.1969052,662.1969052
289,-481.1969052,-741.1969052
290,798.1969052,-400.1969052
291,-1069.196905,-123.8030948
292,1004.144186,1510.803095
293,416.8030948,1156.196905
294,-983.1969052,54.19690519
295,704.1969052,509.1969052
296,-223.1969052,-918.1969052
297,-978.1969052,107.1969052
298,-310.8030948,1073.196905
299,-128.8526036,-1166.196905
300,640.1969052,666.1969052
301,-1092.196905,-116.8030948
302,30.80309481,-1067.196905
303,-1169.196905,332.7634354
304,770.1969052,518.1969052
305,171.990556,-2179.273891
306,-1990.071323,444.7448366
307,379.1969052,-798.1969052
308,-1075.73253,-930.1969052
309,-874.1969052,382.1969052
310,608.8030948,-2353.803095
311,-1378.601911,-377.8030948
312,157.1969052,934.1969052
313,535.1969052,709.1969052
314,-946.1969052,-170.1969052
315,1004.196905,-45.80309481
316,934.1969052,288.1698519
317,22.32946934,-1087.196905
318,-1211.358066,348.1969052
319,794.3752419,-556.1969052
320,940.1969052,-256.1969052
321,945.2877801,1021.196905
322,-1867.803095,1757.803095
323,-355.1969052,1168.756798
324,1091.196905,-72.90903463
325,20.19690519,-1005.196905
326,649.1969052,-630.1969052
327,1175.918535,-662.1969052
328,1156.231666,-714.1969052
329,2027.888846,-279.1969052
330,-550.1969052,-239.1969052
331,1093.196905,-95.21014015
332,-729.8030948,-1153.196905
333,1878.975166,372.1969052
334,-562.1969052,678.1969052
335,-981.1969052,112.1969052
336,647.8030948,-1168.196905
337,-238.8030948,-1063.196905
338,-1085.196905,48.80309481
339,660.1969052,1106.196905
340,-619.1969052,-629.1969052
341,997.1969052,893.4091994
342,-1159.196905,-121.1020708
343,823.1969052,-448.1969052
344,-380.9817306,-1105.196905
345,171.8030948,1463.232416
346,818.8030948,1184.671685
347,974.1969052,29.19690519
348,-1059.196905,179.8030948
349,-1558.803095,-786.1969052
350,-269.8030948,1119.196905
351,-1616.803095,790.1969052
352,913.1969052,-309.1969052
353,172.1969052,1004.196905
354,-415.8030948,-2123.803095
355,989.1969052,620.4404447
356,-174.1969052,1007.196905
357,763.8030948,1550.731354
358,1288.964446,1396.803095
359,-797.1969052,-509.1969052
360,-17.19690519,-1325.094487
361,-368.5276647,-2272.959097
362,1054.196905,263.902969
363,-183.1969052,934.1969052
364,-1049.196905,-49.19690519
365,926.1969052,-156.1969052
366,-1155.196905,385.8030948
367,1735.35865,-664.3873814
368,-974.1969052,-186.1969052
369,1535.803095,1007.168224
370,-55.31746961,1059.196905
371,-1800.803095,809.5467383
372,1408.803095,-2143.803095
373,1784.269601,-509.1969052
374,-574.1969052,733.1969052
375,1049.803095,2258.803095
376,-565.1969052,-700.1969052
377,944.1969052,252.1969052
378,136.8030948,-1043.196905
379,-397.1969052,-815.1969052
380,-632.1969052,-578.1969052
381,1783.962822,875.603148
382,1083.196905,-57.80309481
383,-709.1969052,525.1969052
384,390.8891115,-1034.196905
385,1544.803095,878.1969052
386,113.4984253,-846.1969052
387,-1080.196905,-499.5794397
388,658.8030948,1166.196905
389,34.19690519,-990.1969052
390,-447.8030948,1272.196905
391,-294.8030948,1209.196905
392,-1212.196905,328.0017224
393,-521.909617,1395.196905
394,-201.9302976,1249.196905
395,-1408.196905,835.8030948
396,-430.8030948,-1280.196905
397,-976.1969052,471.1969052
398,-1469.803095,-2328.803095
399,-1151.196905,-1052.803095
400,1090.196905,-1270.621277
401,198.1969052,-1203.196905
402,-1975.803095,1189.803095
403,280.4225135,1374.196905
404,598.1969052,-934.1969052
405,-424.9191516,-1172.196905
406,-1421.633596,1596.652297
407,-2346.803095,-220.1969052
408,-318.8030948,1229.196905
409,740.4696856,-1166.196905
410,-1038.803095,1320.196905
411,674.2899624,2081.803095
412,-538.8030948,-2212.430297
413,-1304.196905,-103.6395532
414,-814.1969052,650.1969052
415,252.8030948,1357.196905
416,-497.9910447,2400
417,252.1969052,1034.196905
418,-759.1790282,-709.1969052
419,-1380.196905,347.2199986
420,-530.8030948,-1409.196905
421,-531.7810932,1169.196905
422,-379.1969052,-1022.196905
423,-1146.23392,1742.803095
424,-1757.293343,1239.223656
425,1322.196905,319.3215969
426,310.1783046,-1346.196905
427,-431.8030948,1415.196905
428,-76.80309481,-1200.196905
429,882.1969052,-584.1969052
430,-967.8030948,1414.196905
431,1171.196905,-408.1969052
432,976.7683338,1886.694264
433,1393.196905,535.8030948
434,1580.196905,-1558.803095
435,497.1969052,-1912.157408
436,453.1969052,-909.1969052
437,-994.1969052,-1864.803095
438,-1689.803095,1713.803095
439,1337.196905,-92.19690519
440,-2143.803095,667.1969052
441,1397.196905,-841.8030948
442,1041.803095,1176.196905
443,1263.196905,225.335629
444,244.9684538,1212.196905
445,-1164.196905,-135.1969052
446,-186.1350071,1989.172374
447,1172.196905,182.8030948
448,-574.1969052,-985.1969052
449,166.0205131,-1361.196905
450,1004.196905,-582.1969052
451,497.1969052,1143.196905
452,618.1969052,-1018.196905
453,552.1969052,1774.947239
454,-1253.196905,347.161162
455,1277.196905,-1355.803095
456,-23.67526816,1304.196905
457,-2293.044471,297.8030948
458,-553.1969052,910.1969052
459,602.1969052,-948.1969052
460,-226.1969052,1133.196905
461,-648.6379414,1402.196905
462,-1127.136428,2117.803095
463,-8.803094812,-1268.196905
464,-203.1969052,-1638.805669
465,1294.196905,-289.8030948
466,1235.51525,585.8030948
467,-790.1969052,-763.2994774
468,462.1969052,-1054.196905
469,-565.5833342,-1218.196905
470,-925.8030948,-1222.196905
471,-1227.196905,419.8030948
472,-1160.196905,-21.80309481
473,-90.59861587,-1344.196905
474,-559.8030948,-1383.196905
475,527.9135554,-1215.196905
476,-151.0539367,1097.196905
477,-472.1969052,-1106.196905
478,-1545.162346,-577.8030948
479,-373.7020553,-1253.196905
480,-153.0890051,1277.196905
481,-1221.196905,-340.8030948
482,-1.829014923,-1230.196905
483,-1103.196905,64.19690519
484,264.1969052,-1145.196905
485,1026.196905,-540.1969052
486,830.1969052,-1158.118874
487,897.1969052,479.1969052
488,-1199.196905,-517.8030948
489,-1427.019306,720.8030948
490,-1282.196905,8.196905188
491,1185.196905,-1478.803095
492,1049.019608,-490.5928263
493,578.1969052,884.1969052
494,-914.1969052,-458.1969052
495,-1362.196905,-727.8030948
496,196.8030948,-1337.196905
497,936.1969052,-644.1969052
498,2306.803095,-363.5092239
499,341.1969052,949.1969052
500,1950.327836,313.1969052
501,856.1969052,-435.1969052
502,-726.8030948,-1355.196905
503,-459.8030948,-1225.196905
504,-77.19690519,1062.196905
505,-264.4564506,1353.196905
506,-1277.196905,456.8030948
507,-1228.196905,-498.8030948
508,1027.196905,1826.803095
509,-6.469585438,-1120.196905
510,1893.657296,783.8030948
511,700.8030948,1293.196905
512,1625.803095,1578.094478
513,1054.803095,-2399.513675
514,-616.1969052,1895.803095
515,-808.1969052,1703.681222
516,764.1969052,-1073.196905
517,-608.8030948,1317.406917
518,-1188.803095,-1439.835486
519,1047.196905,-275.1969052
520,-1676.73386,-761.8030948
521,-620.1969052,1080.196905
522,1258.196905,124.8030948
523,355.1969052,1018.196905
524,-691.1969052,1863.803095
525,1337.803095,1482.226178
526,1266.196905,524.8030948
527,-1006.196905,-243.1969052
528,270.4465116,1239.196905
529,1239.196905,-10.80309481
530,996.1969052,572.1969052
531,1949.981902,-154.1969052
532,1423.196905,290.8030948
533,-1385.196905,-20.72334545
534,-310.8030948,1303.196905
535,-1030.196905,-188.1969052
536,810.1969052,-547.1969052
537,-110.441752,-1174.196905
538,-229.625912,-1095.196905
539,-710.1969052,-1330.863572
540,439.3409583,-1342.196905
541,-1083.196905,-470.1969052
542,-52.08747688,1275.196905
543,1117.196905,-533.1969052
544,-641.1969052,857.8326517
545,782.1969052,-755.1969052
546,-1160.196905,-433.1969052
547,-74.80309481,-1148.196905
548,-761.8030948,-1405.196905
549,2400,-1064.803095
550,-616.1969052,-732.1969052
551,-744.8678756,1331.196905
552,1058.196905,203.1969052
553,-939.1969052,-514.1969052
554,-1106.196905,-479.1969052
555,195.1969052,-1112.196905
556,739.1969052,-1590.362744
557,-821.964685,-1419.863572
558,-481.3062855,-1225.196905
559,941.1969052,-748.1969052
560,-1189.196905,-214.1969052
561,-487.1969052,-1076.196905
562,-1180.196905,-715.1969052
563,656.1969052,-1250.905234
564,1535.768334,-1424.127682
565,463.4079115,2252.042978
566,-792.1969052,-1674.115473
567,-1118.196905,536.1969052
568,-1163.196905,28.88927591
569,-1242.196905,8.196905188
570,-1450.196905,503.8030948
571,-122.5425637,1438.196905
572,1195.196905,-931.8030948
573,-889.1969052,-729.1969052
574,-694.1969052,-1251.804594
575,1571.196905,28.57678382
576,791.1969052,-1715.136428
577,-1576.803095,-2092.803095
578,-968.1969052,681.5461106
579,-32.29975717,1264.196905
580,-1352.196905,252.8030948
581,907.1969052,-1620.803095
582,1181.196905,-338.1969052
583,1060.196905,-1651.803095
584,-1737.958995,-339.1969052
585,-775.8030948,-1639.798304
586,1368.196905,287.2745008
587,-1963.955631,389.1969052
588,567.8030948,-1393.196905
589,-483.4203388,2400
590,-115.9690869,-1339.196905
591,-923.1969052,697.1969052
592,990.1969052,-322.1969052
593,-1324.196905,-14.41221368
594,86.80309481,-1271.196905
595,-1130.196905,-451.1969052
596,-1427.196905,14.49973414
597,-1017.196905,-914.6258075
598,116.676079,-1268.196905
599,-567.8030948,1259.196905
600,1287.196905,-343.2519738
601,-248.1284811,1315.196905
602,-973.1969052,-293.1969052
603,1348.196905,-8.652518169
604,590.1969052,-774.1969052
605,1159.196905,386.1969052
606,-1269.803095,-1075.196905
607,1113.196905,1615.803095
608,-1345.196905,-125.0955078
609,-1122.196905,-6.803094812
610,1164.196905,-261.8030948
611,2187.360006,-475.9544879
612,-1379.196905,561.8030948
613,1122.196905,253.1969052
614,-1378.196905,351.1969052
615,-797.1969052,-1958.803095
616,1427.196905,222.8030948
617,-433.1969052,1329.196905
618,843.1969052,1172.196905
619,1397.196905,-561.8030948
620,602.6508317,1325.196905
621,8.196905188,1273.196905
622,591.1969052,774.1969052
623,-2089.803095,1787.803095
624,-1697.196905,379.8030948
625,-410.1969052,1005.196905
626,-1346.196905,12.19690519
627,-178.8030948,1862.642656
628,108.1969052,-1568.196905
629,162.2626582,-1326.196905
630,1548.196905,-787.7735654
631,1415.196905,-364.8030948
632,-175.9238973,-1262.196905
633,-818.8030948,-1273.196905
634,-1436.196905,-136.6941548
635,-421.8030948,-1356.196905
636,-1287.748743,-12.80309481
637,-934.1969052,584.1969052
638,128.4336346,1271.196905
639,627.1969052,980.1969052
640,1199.196905,-487.1969052
641,1290.196905,-193.1969052
642,119.1969052,1055.196905
643,-964.8030948,2400
644,117.8030948,1261.196905
645,-878.1969052,809.1969052
646,460.260856,1532.196905
647,-531.8030948,-2399.970553
648,1570.196905,-17.19690519
649,1108.196905,283.1969052
650,-505.1969052,-879.1969052
651,-380.1969052,-1401.196905
652,751.1969052,749.1969052
653,1749.803095,1184.223656
654,-1574.196905,-910.8030948
655,-1213.196905,652.8756962
656,-575.1969052,-1066.196905
657,171.1727629,1181.196905
658,-1066.196905,435.4093304
659,746.1969052,-947.1969052
660,1276.196905,-294.5646752
661,-822.2576872,924.1969052
662,1254.196905,840.8030948
663,208.6461047,-1277.196905
664,1213.803095,1319.196905
665,-87.51954656,1428.196905
666,1135.196905,-8.536476236
667,403.6551245,-1347.196905
668,1212.196905,-432.3099918
669,-466.1969052,-842.1969052
670,1713.212943,-325.1969052
671,-1794.803095,-1052.809907
672,-1383.196905,479.8030948
673,43.17084752,-1401.196905
674,-995.069318,313.1969052
675,203.5808726,1266.196905
676,-933.1969052,1875.803095
677,720.1969052,879.1969052
678,773.1969052,-1164.196905
679,-215.8030948,1193.196905
680,-905.1969052,-430.1969052
681,-128.1969052,1267.196905
682,-1312.196905,-757.8030948
683,-1301.196905,771.8030948
684,-1236.196905,-1092.803095
685,-1083.803095,-1358.765308
686,16.80309481,-1273.196905
687,-693.1969052,-706.1969052
688,-546.1969052,-881.1969052
689,891.1969052,-751.2562933
690,1596.768334,-1345.803095
691,1095.196905,-380.1969052
692,367.1969052,1180.196905
693,-1785.803095,985.1969052
694,1152.196905,457.1969052
695,347.1969052,-1057.196905
696,-1337.196905,228.8030948
697,1160.196905,-994.8030948
698,-564.2145789,-2187.787969
699,1295.389888,-2050.999548
700,-828.990556,2130.118209
701,1274.283405,-635.1969052
702,1098.803095,-2092.260437
703,-709.1969052,616.1969052
704,1038.196905,-549.1969052
705,9.803094812,1301.196905
706,1500.975537,-695.1969052
707,-118.8030948,-1306.196905
708,64.80309481,-1167.196905
709,1390.196905,-504.8030948
710,1099.807492,-1052.196905
711,1334.346431,-644.8030948
712,831.1969052,559.1969052
713,-1473.196905,-261.9087287
714,71.00466543,-1212.196905
715,-756.1969052,-646.1969052
716,-1198.196905,676.5947436
717,1122.803095,2232.279083
718,1042.196905,633.1969052
719,-490.1969052,-968.1969052
720,408.1969052,-1009.196905
721,-962.1969052,422.1969052
722,-411.1969052,973.1969052
723,1268.196905,-581.6234552
724,-2034.803095,-1653.803095
725,1249.196905,314.3462923
726,13.7324228,1320.196905
727,-1214.196905,1485.803095
728,120.0687859,-1306.196905
729,-559.4087352,865.1969052
730,-746.1969052,-852.1969052
731,772.1969052,-752.1969052
732,152.4033392,2400
733,1211.706561,-480.1969052
734,307.8030948,-1176.196905
735,258.0150131,-1421.196905
736,-386.1969052,-1000.196905
737,-1280.264373,-1132.196905
738,274.1969052,1230.196905
739,2013.335562,564.1969052
740,-618.8030948,1198.196905
741,-1328.196905,471.1969052
742,-2140.98149,-456.7683338
743,2196.999911,-76.46976148
744,-961.1969052,-524.1969052
745,-962.1969052,-444.1969052
746,1180.196905,1309.803095
747,-1316.196905,-1745.338758
748,693.1969052,887.1969052
749,13.19690519,-1144.196905
750,-1435.196905,24.02658526
751,-1050.196905,-309.1969052
752,-271.1969052,1082.196905
753,-487.5589218,-1128.196905
754,554.1969052,-772.1969052
755,-1101.196905,-54.80309481
756,702.8030948,-1416.196905
757,-1386.196905,-218.8030948
758,1054.196905,-1516.803095
759,-1722.588481,-1420.803095
760,-1930.537766,785.2552911
761,-1314.730251,-2345.803095
762,-102.1969052,1174.196905
763,1092.196905,1460.604243
764,1419.196905,-550.8030948
765,-1155.196905,-1047.803095
766,-1322.196905,-262.3186989
767,984.1969052,257.1969052
768,-158.1969052,1108.196905
769,-1365.803095,-1381.768334
770,-321.8030948,-2169.590953
771,885.1969052,-637.1969052
772,-1393.196905,-358.8030948
773,-1018.196905,-466.1969052
774,-325.1969052,-2099.95063
775,-128.6197144,2319.254784
776,-15.19690519,-1332.196905
777,-85.76530542,2213.13091
778,-2062.803095,-1944.803095
779,-1168.196905,190.1969052
780,1192.196905,-295.488996
781,492.4169402,1324.196905
782,1360.803095,-1104.196905
783,-1396.196905,128.5302385
784,-1170.196905,1209.525793
785,1383.803095,-2399.990953
786,1189.196905,96.19690519
787,-1903.803095,950.1969052
788,-174.1969052,-1080.196905
789,1261.745006,-957.8030948
790,-1265.196905,-375.8030948
791,1934.009444,-601.8030948
792,-750.1969052,-1624.803095
793,-1158.196905,157.1969052
794,1581.803095,-1483.268334
795,-1755.272941,-577.8590152
796,1190.196905,26.90825031
797,-1425.196905,-597.8030948
798,-1199.196905,79.19690519
799,1180.196905,296.8024827
800,-1289.196905,288.8030948
801,987.1969052,846.8240198
802,621.1969052,-773.1969052
803,448.8030948,-1458.278946
804,-63.19690519,1737.255163
805,-1106.803095,-2399.146358
806,129.1969052,-1156.196905
807,762.1969052,617.1969052
808,-821.1969052,624.1969052
809,790.1969052,-710.1969052
810,1319.196905,-118.8030948
811,-491.1969052,2108.803095
812,-715.1969052,-903.1969052
813,-1332.803095,1619.216438
814,-924.3418657,1591.803095
815,1725.268334,1246.803095
816,-1933.873717,-190.1969052
817,1928.61056,1766.803095
818,2172.606059,-696.8635719
819,-350.1969052,1211.196905
820,139.8030948,-1270.196905
821,1696.803095,1116.196905
822,-492.1969052,-1127.196905
823,1404.701528,601.8030948
824,-2005.803095,752.589149
825,1904.136428,-27.19690519
826,-226.1969052,-1067.196905
827,1842.478799,-2052.803095
828,-1372.367474,-1.196905188
829,1151.196905,-372.1969052
830,-1433.196905,352.8030948
831,-135.4641805,-1038.196905
832,-1063.196905,68.32442855
833,-1347.196905,-471.8030948
834,-1262.196905,-151.8030948
835,958.1969052,-242.1298415
836,-1054.196905,-104.1969052
837,-1160.196905,-23.03047088
838,1151.196905,9.735028574
839,334.4637034,1015.196905
840,663.2097497,-1088.196905
841,-901.1969052,379.1969052
842,-1375.196905,815.7197655
843,1155.196905,-413.1969052
844,-322.1969052,933.1969052
845,-864.1969052,-728.1969052
846,-1258.196905,58.80309481
847,-894.1969052,-578.1969052
848,-2014.114342,632.1969052
849,2002.346159,805.8635719
850,866.1969052,57.00944402
851,696.1969052,779.1969052
852,1194.196905,470.8030948
853,-890.1969052,1082.803095
854,236.8030948,-1384.196905
855,-2346.045512,-113.4697615
856,-1059.196905,1205.454119
857,-502.8030948,1232.196905
858,-1273.196905,-182.0110844
859,910.1569332,547.1969052
860,912.1969052,-1352.604061
861,914.1969052,500.1969052
862,271.8030948,-1299.196905
863,-2112.803095,-951.6613853
864,362.8030948,-2047.751813
865,517.1969052,-1111.434709
866,-1116.196905,-305.0102066
867,674.1969052,722.1969052
868,581.324844,1779.791544
869,189.1969052,1173.196905
870,-2077.041542,-725.7683338
871,970.8030948,-1215.196905
872,1402.196905,-37.80309481
873,-2178.984155,277.1969052
874,992.8427038,1951.228456
875,792.1610967,-920.1969052
876,-655.8030948,1342.196905
877,363.1969052,1047.196905
878,829.8030948,1169.196905
879,444.8030948,-1336.196905
880,848.1969052,-650.1969052
881,1331.196905,-84.75674023
882,377.1969052,-965.1969052
883,-2297.803095,89.32388931
884,515.1969052,-1113.421495
885,-781.1969052,1760.262309
886,316.1969052,-968.1969052
887,23.40279215,-2399.490552
888,1163.196905,-1406.803095
889,812.1969052,514.1969052
890,1502.419127,1763.803095
891,1428.196905,-529.5681444
892,-522.1969052,-2073.803095
893,1536.803095,-1206.196905
894,-274.6969052,2137.303095
895,-999.1969052,-1587.803095
896,324.0097848,-2173.021419
897,727.8030948,1200.196905
898,-975.1969052,-1526.742655
899,-1569.803095,997.1969052
900,-984.1969052,-358.1969052
901,-700.1969052,989.1969052
902,1286.196905,-137.9951794
903,1169.86744,1946.058749
904,4.803094812,1322.196905
905,-305.1969052,-984.1969052
906,2400,-202.5838554
907,-332.8030948,1255.196905
908,1549.768334,1457.854806
909,1118.196905,1499.158685
910,1541.803095,1800.803095
911,1113.196905,453.1969052
912,-288.1969052,-2276.803095
913,-809.1969052,-797.1969052
914,754.1969052,1277.611459
915,1087.196905,278.1969052
916,-671.1969052,-1194.196905
917,-1187.196905,871.1969052
918,1119.196905,733.1969052
919,197.7761205,-1479.196905
920,1557.196905,35.80309481
921,1333.196905,-341.2750781
922,-717.1969052,997.1969052
923,880.2131749,-1571.196905
924,1446.196905,-127.537789
925,1112.196905,804.1969052
926,1069.196905,825.1969052
927,2246.803095,1883.803095
928,1579.196905,-60.80309481
929,-101.9329277,-1239.196905
930,954.1969052,1019.196905
931,1090.544389,-1499.196905
932,1800.243281,-549.1969052
933,1499.196905,-91.32867978
934,-1203.196905,-873.1969052
935,-661.1969052,-1058.196905
936,-2213.613953,718.1969052
937,833.1969052,-912.1969052
938,1538.196905,-78.80309481
939,-1137.124174,1022.196905
940,-2247.803095,-660.1969052
941,249.8030948,1612.196905
942,-1469.196905,44.19690519
943,480.1969052,-1846.220434
944,-1197.196905,470.1969052
945,-275.1969052,1327.196905
946,-1856.732229,-588.1969052
947,1609.196905,-3.803094812
948,-23.80309481,1502.196905
949,1603.196905,-659.981391
950,-154.1969052,-1574.196905
951,-1486.196905,291.7663562
952,13.80309481,-1598.196905
953,-1057.196905,990.1969052
954,1242.196905,637.1969052
955,398.190823,-1591.196905
956,1347.196905,1597.803095
957,1250.196905,-488.1969052
958,222.8030948,-1595.196905
959,1494.196905,-992.8030948
960,-1628.32918,-1252.803095
961,1266.196905,358.1969052
962,-1584.196905,173.1649322
963,-802.8793845,-2399.164234
964,1456.196905,-1025.803095
965,1273.196905,419.1969052
966,-1398.196905,-521.1969052
967,-1496.196905,-299.1969052
968,1533.196905,84.19690519
969,-1227.196905,445.1969052
970,710.1969052,-1186.196905
971,592.1969052,-737.1969052
972,-1559.196905,467.2994869
973,91.6554395,1627.196905
974,-1683.196905,118.8354348
975,341.1969052,1494.196905
976,-499.5029695,1676.196905
977,-1500.196905,-86.81292318
978,1094.196905,-540.1969052
979,-642.1969052,737.1969052
980,1963.803095,-2291.803095
981,853.1969052,-1217.196905
982,760.1392096,-1528.196905
983,-1208.803095,1444.196905
984,1407.196905,483.1969052
985,1404.196905,-554.1969052
986,836.1969052,-1181.196905
987,-112.1969052,-2067.183991
988,21.89926658,-1499.196905
989,-26.49447712,-1533.196905
990,-1030.196905,-157.1969052
991,-1309.196905,-445.1969052
992,-962.1969052,741.1969052
993,-1888.433993,1026.196905
994,1602.196905,438.8030948
995,-582.8030948,1667.196905
996,-218.1969052,1444.196905
997,-812.1969052,1278.820716
998,-1308.196905,-313.1969052
999,-522.1969052,1230.196905
1000,-129.8030948,-1536.196905
1001,-1789.863572,1497.803095
1002,-1221.196905,713.1969052
1003,-435.1969052,1325.196905
1004,-466.8030948,1606.196905
1005,-1325.196905,569.1969052
1006,-1104.196905,837.1969052
1007,-1402.196905,-364.1969052
1008,1504.196905,-216.1969052
1009,-163.4855893,-1466.196905
1010,-1538.196905,284.5513348
1011,-330.1969052,-1302.196905
1012,-768.1969052,1214.196905
1013,-947.1969052,955.1969052
1014,-1198.196905,211.1969052
1015,482.1969052,-1275.196905
1016,-1668.196905,252.8030948
1017,-1110.215979,-1576.196905
1018,-968.1969052,1097.196905
1019,-818.1969052,-1070.196905
1020,333.1969052,1348.196905
1021,506.1969052,1290.196905
1022,-1119.196905,615.1969052
1023,1598.196905,-264.8030948
1024,50.87455434,-1610.196905
1025,1544.196905,35.19690519
1026,1650.196905,-508.8030948
1027,-761.3030948,1638.196905
1028,1754.260438,520.1969052
1029,1457.196905,666.8030948
1030,-40.19690519,1442.196905
1031,684.8030948,1649.196905
1032,-263.7568648,1643.196905
1033,871.6167375,1370.196905
1034,-2399.385609,464.7683338
1035,106.0267222,1627.196905
1036,-1175.196905,-477.1969052
1037,-921.1969052,1032.196905
1038,1515.196905,135.1048095
1039,-1530.196905,233.1969052
1040,-846.1969052,922.1969052
1041,1046.196905,-948.1969052
1042,1164.196905,1016.196905
1043,-1495.196905,-516.1228809
1044,-401.8030948,-1673.196905
1045,904.1969052,932.1969052
1046,-1185.803095,-1496.196905
1047,-1708.196905,477.8030948
1048,1154.196905,-586.1969052
1049,-2134.803095,1169.07666
1050,21.19690519,-1562.196905
1051,167.4254408,1403.196905
1052,-1683.196905,267.0849075
1053,472.1969052,1422.196905
1054,-1848.803095,-1054.196905
1055,50.19690519,1416.196905
1056,-1624.196905,-15.76613101
1057,1629.196905,361.8565682
1058,1374.196905,522.1969052
1059,-1243.196905,-1579.803095
1060,1400.196905,-777.6490833
1061,-418.8030948,1717.196905
1062,1347.775294,1197.196905
1063,-1006.196905,-819.1969052
1064,-1287.196905,-340.1969052
1065,908.7487432,-1318.196905
1066,1101.196905,986.1969052
1067,-524.1969052,1151.196905
1068,-1265.196905,1173.047115
1069,-1934.671963,-922.8030948
1070,587.8030948,-1550.196905
1071,1349.196905,864.1969052
1072,-382.1969052,-2181.707731
1073,-1213.37048,-1213.196905
1074,-1152.196905,-728.1969052
1075,1808.803095,1128.196905
1076,-1486.196905,414.8030948
1077,-910.8030948,-1509.196905
1078,2052.990556,1522.79807
1079,-257.8030948,-1662.196905
1080,-1284.196905,-1547.803095
1081,787.8030948,-1679.196905
1082,1845.803095,-1109.196905
1083,-1448.196905,116.1969052
1084,-1494.196905,925.7444387
1085,427.6180913,-2101.611326
1086,144.8030948,1607.196905
1087,-1236.196905,656.1969052
1088,-92.80309481,-1555.196905
1089,-562.8030948,-1644.196905
1090,1234.196905,-954.5556171
1091,986.1969052,-1953.803095
1092,2173.826571,29.19690519
1093,-1279.196905,-409.1969052
1094,-2212.244686,591.1969052
1095,1977.600946,-1520.247376
1096,1548.196905,-382.8030948
1097,-555.7515434,1636.196905
1098,-2399.887174,-629.1969052
1099,-991.8030948,2121.675594
1100,-1011.196905,709.1969052
1101,-1573.803095,-1702.572112
1102,-1162.196905,-806.1969052
1103,743.1969052,-1030.196905
1104,2400,806.1969052
1105,671.1969052,1241.196905
1106,-1116.196905,-2123.803095
1107,22.84586811,1433.196905
1108,626.1345521,1887.464488
1109,-1548.196905,257.8030948
1110,-1275.196905,754.1969052
1111,-1496.196905,700.8030948
1112,1576.196905,1285.803095
1113,-618.0979668,-2399.142252
1114,1454.196905,-440.9168989
1115,-164.2428986,-1659.196905
1116,-1544.196905,-201.1969052
1117,1533.196905,-693.3897518
1118,142.8030948,-1733.736176
1119,-1473.196905,-216.8030948
1120,98.19690519,-1505.196905
1121,1019.196905,-1004.969893
1122,-1390.196905,588.1969052
1123,-759.1969052,-1147.196905
1124,1455.196905,57.80309481
1125,686.1969052,-1328.196905
1126,1059.196905,-919.1969052
1127,-1447.196905,-268.1969052
1128,-720.8030948,1553.196905
1129,790.1969052,1231.196905
1130,327.1969052,1278.196905
1131,609.1969052,-1641.750542
1132,-666.8403094,-1347.196905
1133,-1134.196905,-659.1969052
1134,144.2650087,-1490.196905
1135,-325.4080168,-1468.196905
1136,-351.1969052,-1495.196905
1137,-964.1969052,1118.196905
1138,-1480.196905,86.19690519
1139,361.8030948,1652.196905
1140,-1167.40005,2400
1141,-1487.196905,-1270.587431
1142,-687.8030948,1683.196905
1143,-1126.36672,-2239.809927
1144,-474.2049659,1349.196905
1145,252.1969052,1325.196905
1146,-1182.196905,-639.1969052
1147,-988.1969052,-974.1969052
1148,-1353.196905,291.1969052
1149,2138.803095,2004.803095
1150,1499.196905,-675.5590227
1151,-972.1969052,-841.1969052
1152,-541.1775338,1535.196905
1153,-264.1969052,-1532.196905
1154,36.80309481,1481.196905
1155,-638.3544892,-2385.936787
1156,-1747.880796,1045.803095
1157,1050.196905,918.1969052
1158,-1574.196905,-1317.803095
1159,-1876.803095,1273.863572
1160,1582.196905,46.80309481
1161,1052.196905,1015.196905
1162,-2333.796358,-208.1969052
1163,2024.772254,728.1969052
1164,-519.1090195,2400
1165,368.1969052,-1243.196905
1166,411.1969052,-1247.196905
1167,902.7075501,-981.1969052
1168,1439.196905,-81.19690519
1169,417.0376808,-1637.196905
1170,797.1969052,1012.196905
1171,-544.1969052,1598.196905
1172,-77.12488114,-1604.196905
1173,1540.196905,-1120.709898
1174,-1272.803095,1614.196905
1175,-1489.196905,-291.5098404
1176,718.1969052,-1304.196905
1177,-2399.928631,188.8030948
1178,735.1969052,1234.196905
1179,-930.1969052,-968.1969052
1180,-1462.196905,-227.2926533
1181,2400,-208.7904143
1182,-1981.460199,-570.8030948
1183,1059.803095,2007.227126
1184,-1690.803095,1366.196905
1185,1259.091087,1067.196905
1186,-1309.196905,-1566.803095
1187,-22.19690519,1538.196905
1188,1253.196905,-1194.863572
1189,-1717.196905,-217.7389929
1190,1625.196905,1065.803095
1191,-1509.196905,343.1969052
1192,-675.1969052,-1276.237722
1193,-1509.172374,-1923.38862
1194,68.19690519,-1463.196905
1195,1446.64135,-962.8030948
1196,587.1969052,1378.816388
1197,-1880.636428,-784.1969052
1198,2212.829562,257.1969052
1199,565.1969052,-1221.196905
1200,358.8030948,-1674.196905
1201,1508.196905,-929.8030948
1202,-1525.196905,-166.0552074
1203,420.8030948,2100.09481
1204,304.8030948,-1699.196905
1205,-119.1969052,1354.196905
1206,-675.1969052,1316.196905
1207,1464.196905,1263.803095
1208,1878.532535,-93.19690519
1209,-1704.196905,824.8030948
1210,-1387.196905,59.80309481
1211,905.1969052,-1151.196905
1212,-1116.196905,820.1969052
1213,1558.196905,442.4690395
1214,-865.1969052,1010.196905
1215,479.1969052,-1333.196905
1216,-1465.196905,801.8030948
1217,56.19690519,1355.721203
1218,-1597.196905,-1059.803095
1219,-1496.196905,380.1969052
1220,-14.80309481,1929.591539
1221,1619.196905,544.6072115
1222,-2156.003961,-94.13642815
1223,635.1969052,1247.196905
1224,1119.803095,1466.196905
1225,-1524.196905,326.1969052
1226,-1424.196905,-257.1969052
1227,1441.196905,7.803094812
1228,-1353.803095,-1462.196905
1229,-52.80309481,-1684.498281
1230,423.1969052,-1237.196905
1231,-1543.196905,-886.8030948
1232,-278.1969052,1499.196905
1233,708.1969052,-1081.196905
1234,-1557.196905,-164.8030948
1235,-2399.998663,31.14702674
1236,866.1969052,-967.1969052
1237,-1712.196905,-616.8030948
1238,-600.1969052,-1178.196905
1239,1439.196905,-471.1969052
1240,1489.196905,284.0003327
1241,-192.8030948,-1510.196905
1242,149.1969052,-1491.196905
1243,600.1969052,-2390.282703
1244,2400,1221.803095
1245,2320.460962,735.1969052
1246,-1527.144628,-1179.196905
1247,1701.639308,-1128.196905
1248,-909.1969052,1081.196905
1249,-71.19690519,-1531.196905
1250,1277.196905,-701.1969052
1251,-957.1969052,1092.196905
1252,1013.196905,1868.870981
1253,-564.1969052,1252.196905
1254,-1563.196905,333.8030948
1255,519.1969052,1160.196905
1256,642.1320877,-1398.196905
1257,-707.1969052,1213.196905
1258,-1251.196905,409.1969052
1259,1291.196905,1397.803095
1260,129.8030948,-1557.196905
1261,-403.4826195,-1327.196905
1262,-1568.196905,-368.8721942
1263,-1293.196905,679.1969052
1264,1458.196905,258.1969052
1265,-311.7812054,-1537.196905
1266,1569.196905,-1278.803095
1267,1809.251257,1978.803095
1268,727.1969052,-2133.251719
1269,-1623.363572,1239.803095
1270,-1515.196905,-125.1969052
1271,1332.196905,326.1969052
1272,113.8030948,-1490.196905
1273,-1595.196905,-537.8030948
1274,1388.196905,302.1969052
1275,-150.1969052,-1402.196905
1276,-645.1969052,-1264.196905
1277,-864.1969052,-1138.196905
1278,-1292.196905,675.0582259
1279,613.1969052,1919.339943
1280,1503.196905,-760.9883442
1281,-1081.196905,-836.1969052
1282,-57.80309481,1600.196905
1283,-804.8030948,-1451.196905
1284,-1552.196905,-237.3277128
1285,454.8030948,-1494.196905
1286,255.2693425,-1638.196905
1287,-2399.463791,42.9495311
1288,1521.196905,117.9650675
1289,-407.8030948,-1482.196905
1290,-1465.196905,-932.8389215
1291,-1478.196905,-237.6438182
1292,-960.1969052,-2080.082664
1293,-244.9637136,-1563.196905
1294,1397.196905,584.1969052
1295,-233.7076585,1643.196905
1296,-295.1066493,1650.196905
1297,-360.1969052,1751.255163
1298,-943.1969052,-785.1969052
1299,-59.47048251,1599.196905
1300,-564.1969052,-1412.196905
1301,-45.80309481,-1627.196905
1302,-681.8030948,-2128.736757
1303,1356.196905,-155.9430661
1304,1039.196905,680.1969052
1305,258.1969052,-2399.494652
1306,720.1969052,1189.196905
1307,-191.1969052,1584.196905
1308,1916.179327,575.1969052
1309,-113.2186793,1648.196905
1310,2102.799915,-560.1969052
1311,-1914.136428,-1262.744443
1312,125.8030948,2400
1313,-1221.196905,-729.1969052
1314,-2223.803095,-1884.803095
1315,-1506.196905,433.1776618
1316,1068.196905,-772.1969052
1317,-2399.278257,-213.8030948
1318,1453.196905,-92.80309481
1319,-1209.196905,742.1969052
1320,1234.196905,-957.5434035
1321,566.9654269,1480.196905
1322,-1536.196905,-1418.803095
1323,244.1969052,-1322.196905
1324,1307.196905,579.1969052
1325,1320.196905,-254.1969052
1326,-328.1969052,1250.196905
1327,-271.8030948,-1464.196905
1328,1425.196905,721.3661907
1329,-500.2074802,1654.196905
1330,1242.196905,388.1969052
1331,-1215.196905,-566.1969052
1332,-28.80309481,1509.196905
1333,-807.9043811,1493.196905
1334,-1525.196905,212.1969052
1335,-986.1969052,-1104.196905
1336,802.1969052,-2399.493999
1337,1586.196905,-590.5938901
1338,1227.196905,693.1969052
1339,-1573.196905,-5.803094812
1340,1301.196905,-657.6669588
1341,-547.1969052,1244.196905
1342,-1458.196905,-408.8030948
1343,1244.196905,-673.1969052
1344,-31.19912815,-1446.196905
1345,1606.196905,520.6700535
1346,1426.196905,-411.1969052
1347,1509.803095,-1449.196905
1348,384.1969052,-1509.196905
1349,-590.1969052,1308.196905
1350,-1581.196905,-336.082971
1351,-2399.942185,-455.2983435
1352,1542.196905,-342.8030948
1353,-2399.392892,-261.8030948
1354,1200.196905,-2059.569173
1355,1560.196905,1318.803095
1356,-4.803094812,-1444.196905
1357,-1451.196905,1581.803095
1358,1210.196905,474.1969052
1359,1156.196905,706.1969052
1360,1312.196905,-504.1969052
1361,-1564.196905,-954.8030948
1362,-848.3222062,-907.1969052
1363,1217.196905,1656.803095
1364,-1382.196905,948.3751585
1365,1521.196905,-1003.824209
1366,423.8030948,1716.196905
1367,-2367.170284,683.1969052
1368,-1022.196905,885.1969052
1369,-5.196905188,1775.965194
1370,-854.8030948,2247.196767
1371,1485.196905,-371.1969052
1372,382.0963043,1386.196905
1373,1699.196905,-697.8030948
1374,182.8030948,-1477.196905
1375,-977.6293567,1547.196905
1376,-1501.196905,-794.1106156
1377,-1496.196905,948.9296119
1378,1694.196905,711.8030948
1379,-1493.196905,581.2298269
1380,480.1969052,-1315.196905
1381,1011.803095,1453.196905
1382,1482.803095,1479.196905
1383,97.80309481,-1622.196905
1384,-1485.196905,-421.1969052
1385,-1233.196905,1985.803095
1386,2017.803095,-1021.196905
1387,-1382.196905,-512.1969052
1388,-1357.196905,-1122.848954
1389,-1152.196905,-570.1969052
1390,-1453.196905,135.1969052
1391,941.1969052,-947.1969052
1392,-504.7331326,2400
1393,987.2057785,-1348.196905
1394,727.1969052,1334.530188
1395,754.1969052,-1178.196905
1396,-1361.196905,287.1969052
1397,-116.1969052,-1592.196905
1398,1535.196905,-1380.803095
1399,37.5056566,-2399.167395
1400,-738.1969052,2265.803095
1401,-581.6309354,-2365.245747
1402,-199.3843907,1528.196905
1403,-1416.196905,-101.1969052
1404,551.8030948,-1480.196905
1405,-2399.778997,-435.0776858
1406,-1136.196905,1768.803095
1407,-361.8030948,-1680.196905
1408,247.5166088,-2399.471496
1409,2062.885023,-1358.990556
1410,-1461.196905,446.1969052
1411,-1039.196905,982.1969052
1412,1111.803095,1416.196905
1413,1494.196905,333.0463646
1414,2003.793985,632.1969052
1415,-1492.196905,1573.803095
1416,-2126.850179,1060.768334
1417,-2067.586713,372.1969052
1418,1552.196905,-777.8030948
1419,-1046.196905,2254.803095
1420,1981.562541,487.1969052
1421,-499.8030948,-1848.52044
1422,-624.1969052,1127.196905
1423,-2129.803095,-981.1969052
1424,-704.1969052,-2174.803095
1425,631.8030948,-1648.196905
1426,-1075.488256,-2303.721401
1427,-797.1969052,-1176.196905
1428,-2239.235471,-768.8030948
1429,-604.3572833,-2399.83791
1430,-2399.870157,-305.8030948
1431,-2183.95342,-146.8030948
1432,-456.5511359,2400
1433,1018.196905,-1007.196905
1434,441.1969052,-1436.196905
1435,587.1969052,2400
1436,1193.196905,-666.1969052
1437,-1591.196905,266.8030948
1438,-1155.240191,1189.196905
1439,1523.196905,273.1969052
1440,-563.1969052,1384.196905
1441,-365.1969052,-1516.196905
1442,-209.479255,1452.196905
1443,1682.196905,-980.8030948
1444,1443.196905,-1330.803095
1445,1437.698806,-1325.803095
1446,-942.4060564,2234.987107
1447,-1332.196905,1751.803095
1448,1672.028842,1025.848572
1449,1406.196905,-376.3401223
1450,-610.1969052,-1133.196905
1451,-701.1969052,-1156.196905
1452,2069.179806,23.80309481
1453,45.19690519,-2399.30917
1454,-954.8925903,-1376.196905
1455,860.1969052,2361.929135
1456,-1493.803095,-1317.196905
1457,-1448.196905,-597.6652342
1458,1308.196905,301.1969052
1459,-677.8030948,-1463.196905
1460,782.0846868,-2399.614329
1461,1760.978425,-959.8030948
1462,73.19690519,-1540.196905
1463,1853.323929,-879.8030948
1464,2371.803095,-865.1969052
1465,-987.8030948,-1584.196905
1466,-1066.196905,-630.1969052
1467,1610.196905,-657.8030948
1468,-1513.196905,-35.19690519
1469,1608.196905,-731.8030948
1470,-2399.970711,-619.9102904
1471,-449.1969052,-1475.196905
1472,1192.803095,-1433.196905
1473,-975.1969052,-1000.196905
1474,-1207.196905,405.1969052
1475,1654.196905,563.3257543
1476,1660.196905,-623.3984934
1477,-497.1969052,-1190.196905
1478,1106.196905,828.1969052
1479,-1405.196905,-823.3982953
1480,1258.803095,1604.196905
1481,956.1969052,939.1969052
1482,1925.768334,1477.803095
1483,-1306.196905,-574.1969052
1484,1017.196905,935.1969052
1485,-167.1969052,-1525.612783
1486,1051.196905,-879.1969052
1487,-2144.3742,-76.19690519
1488,-624.5777463,-2399.222949
1489,533.1969052,-588.1969052
1490,1204.803095,916.0743227
1491,1125.196905,58.24707355
1492,1157.196905,-729.8030948
1493,-1125.196905,55.16565012
1494,372.8030948,-1703.403652
1495,-1404.803095,1047.04807
1496,-832.8030948,1129.196905
1497,-905.1969052,-227.1969052
1498,-5.803094812,-47.19690519
1499,-331.1969052,-872.1969052
1500,1249.803095,-1075.790174
1501,1085.196905,-246.5430753
1502,-2191.803095,-684.8030948
1503,-1821.863333,-500.1969052
1504,-655.0625962,881.1969052
1505,703.1969052,784.1969052
1506,877.0317676,-1190.136428
1507,-804.1969052,-1854.803095
1508,-869.7734915,-765.1969052
1509,-959.1969052,523.1969052
1510,-945.1969052,331.1969052
1511,488.1969052,961.1969052
1512,-139.1969052,1531.196905
1513,-1359.196905,-278.1969052
1514,-837.8030948,1299.196905
1515,-1762.480594,-91.97059972
1516,1193.196905,353.1969052
1517,861.9786795,1429.196905
1518,1515.196905,-234.2258907
1519,1577.196905,-494.8030948
1520,727.1969052,-1121.196905
1521,992.8829455,-2233.572232
1522,-726.1969052,-1233.196905
1523,-1136.196905,-372.7418544
1524,1315.196905,-989.8030948
1525,-2352.458248,638.8030948
1526,-1529.768334,-1689.02526
1527,-1829.252443,458.8969601
1528,2225.803095,-373.5664651
1529,-236.1969052,-1336.196905
1530,-1391.196905,-654.8030948
1531,-574.4304693,1288.196905
1532,1402.196905,-341.1969052
1533,-1402.196905,273.8030948
1534,-99.08309284,1325.196905
1535,-131.5035259,-1359.196905
1536,-822.1969052,-532.0019304
1537,1939.894764,-6.803094812
1538,184.1969052,1379.196905
1539,1279.196905,-1589.803095
1540,663.9147984,-1281.196905
1541,1156.196905,925.1969052
1542,-1370.196905,-722.8030948
1543,2196.629898,-218.1943047
1544,1418.196905,-584.8030948
1545,1821.803095,-2181.803095
1546,1369.196905,169.8030948
1547,-2366.803095,-0.196905188
1548,765.3256282,1011.196905
1549,1373.698059,-1393.872899
1550,-1340.196905,1282.292983
1551,1463.196905,86.19690519
1552,953.1969052,964.1969052
1553,-1611.196905,-401.8554966
1554,816.1969052,1042.196905
1555,1499.196905,-97.38732466
1556,-543.1969052,1385.196905
1557,-2115.631113,271.6606954
1558,-1207.011809,975.1969052
1559,-2350.061867,534.9827459
1560,1517.803095,2092.803095
1561,-2037.608254,874.990556
1562,-507.1364281,-2341.803095
1563,-1151.196905,144.1969052
1564,1128.196905,-476.3690457
1565,556.7208843,-1364.196905
1566,952.1969052,692.1969052
1567,-1491.196905,-965.8030948
1568,1445.768334,-1800.803095
1569,-1295.196905,1361.803095
1570,-834.1969052,-1774.977065
1571,-2291.803095,77.85615467
1572,-1108.196905,-208.1296417
1573,-1522.196905,11.80309481
1574,1446.803095,1381.196905
1575,2400,-221.8127222
1576,-255.1969052,-1365.196905
1577,2061.509837,933.1969052
1578,1522.196905,-645.8030948
1579,197.9442343,-1718.196905
1580,-1260.803095,1352.196905
1581,-1508.803095,2400
1582,-1655.196905,120.8030948
1583,1471.196905,12.19690519
1584,2400,-1164.803095
1585,2400,-44.97590883
1586,455.1969052,-1289.196905
1587,723.1969052,-991.1969052
1588,2111.390013,1173.803095
1589,-1659.196905,125.1374445
1590,-887.1969052,1342.710988
1591,517.1969052,1273.196905
1592,1326.196905,486.1969052
1593,1141.196905,692.1969052
1594,-350.8349624,1482.196905
1595,-1237.196905,-675.1969052
1596,218.1948264,1466.196905
1597,2035.720432,-278.1969052
1598,-522.1969052,-1187.196905
1599,888.1969052,1097.196905
1600,1209.196905,-982.7683338
1601,-1259.196905,346.1969052
1602,2282.803095,-897.1969052
1603,644.1969052,1074.196905
1604,-2399.097448,1920.803095
1605,-1164.803095,1489.196905
1606,2400,-1608.803095
1607,260.8030948,-1505.196905
1608,-1197.196905,-700.9809204
1609,-926.1969052,392.1969052
1610,1362.196905,1196.119295
1611,-1564.196905,522.4184794
1612,-1600.196905,-610.8030948
1613,1156.196905,-873.1969052
1614,-753.8030948,-1519.196905
1615,1462.196905,467.8030948
1616,854.1969052,-865.1969052
1617,1519.196905,-226.4762637
1618,930.8030948,-1591.196905
1619,-374.7256696,1470.196905
1620,-126.8030948,1445.196905
1621,-1478.803095,-1362.196905
1622,1160.196905,538.1969052
1623,1090.196905,-706.1969052
1624,-492.8030948,-1603.196905
1625,-1503.803095,-1432.196905
1626,-117.1005542,1548.196905
1627,1088.187768,-1500.196905
1628,1546.196905,-275.1969052
1629,-34.42401557,1444.196905
1630,-512.7435251,-1691.196905
1631,993.1969052,-818.1969052
1632,1392.196905,-392.1969052
1633,-1891.609935,548.1969052
1634,-1190.196905,-668.1969052
1635,1034.196905,-983.1969052
1636,1357.196905,-339.1969052
1637,1254.196905,574.1969052
1638,1341.196905,1287.803095
1639,-429.1969052,-1334.196905
1640,406.8030948,1644.196905
1641,864.2632911,-1503.196905
1642,1123.196905,637.1969052
1643,394.0013687,-1536.196905
1644,748.1969052,-1057.196905
1645,-887.8635719,2329.281888
1646,-1151.196905,714.1969052
1647,-1347.196905,-674.1969052
1648,-532.9664629,1528.196905
1649,1609.196905,831.8030948
1650,-858.8148942,-1521.196905
1651,-1632.196905,511.8030948
1652,-2098.282637,-470.1969052
1653,2400,-225.1969052
1654,-1907.803095,1099.196905
1655,1506.196905,-356.1969052
1656,-1633.803095,-1334.196905
1657,-879.1969052,884.1969052
1658,-241.8030948,1682.196905
1659,-1518.196905,500.1793639
1660,1534.196905,221.8030948
1661,134.9314081,2400
1662,-1574.196905,-865.8030948
1663,993.2917594,1361.196905
1664,1632.196905,234.1665827
1665,-2399.350731,705.8390408
1666,288.1969052,-1323.196905
1667,-1589.177156,355.8030948
1668,-225.6173514,-1473.196905
1669,-484.1969052,1225.196905
1670,399.1969052,-1427.196905
1671,-1541.196905,-330.8030948
1672,1415.196905,111.1969052
1673,1456.196905,401.0808025
1674,-1323.196905,681.1969052
1675,-1642.196905,-541.8030948
1676,-632.8030948,1477.196905
1677,-1689.803095,1717.78878
1678,-492.8030948,1731.224302
1679,-1555.196905,-1070.803095
1680,1595.196905,-1004.803095
1681,1910.972806,-156.8030948
1682,-801.1969052,-1531.315645
1683,55.19690519,1614.196905
1684,-1492.196905,1083.803095
1685,-1476.196905,-553.8030948
1686,2400,-1151.742489
1687,981.1969052,-862.1969052
1688,1531.863572,1931.803095
1689,-546.4610888,-2399.365796
1690,-2333.521953,-730.1723742
1691,696.1969052,1008.196905
1692,721.1969052,-1012.196905
1693,496.1969052,1188.196905
1694,-159.8030948,-1613.196905
1695,-1513.196905,-29.43037992
1696,1401.196905,-540.1969052
1697,-1626.196905,2.196905188
1698,392.8030948,-1668.196905
1699,-1643.093748,-1462.803095
1700,2195.93348,643.1969052
1701,-808.1969052,-1498.184577
1702,1343.196905,105.1969052
1703,-2213.620834,400.8030948
1704,2400,765.5093705
1705,1928.803095,-985.1969052
1706,481.1969052,2224.803095
1707,-1009.196905,1666.803095
1708,6.196905188,1549.196905
1709,-279.8030948,1550.196905
1710,128.1969052,-2399.558444
1711,-877.7036612,1215.196905
1712,-202.8030948,1660.196905
1713,1547.803095,1659.917854
1714,-2399.70008,-450.1064657
1715,-1575.196905,-54.19690519
1716,2283.805499,-245.1969052
1717,-532.1969052,2311.77274
1718,-1236.196905,1518.803095
1719,-282.8030948,2400
1720,880.1969052,984.1969052
1721,-671.8030948,-1597.553277
1722,-1188.803095,-1540.196905
1723,-1534.196905,-1411.803095
1724,-967.8030948,1540.196905
1725,363.1969052,1310.196905
1726,774.8030948,2237.803095
1727,1007.803095,1915.441985
1728,492.1969052,765.1969052
1729,1695.268646,-1089.105177
1730,1041.196905,47.80309481
1731,-1491.196905,-1020.803095
